model,group,N,feats_A_variant,feats_B_type,horizon,cknna_k10,mutual_knn_k10
kosmos2-raw,L,6000,vit_raw,proprio_seq_dtw,1,0.024283,0.022967
kosmos2-raw,L,6000,vit_raw,proprio_seq_dtw,3,0.024085,0.023133
kosmos2-raw,L,6000,vit_raw,proprio_seq_dtw,7,0.025718,0.0241
kosmos2-raw,L,6000,vit_raw,proprio_seq_dtw,15,0.028261,0.02555
kosmos2-raw,L,6000,vit_raw,proprio_seq_dtw,25,0.03104,0.027517
kosmos2-raw,L,6000,vit_raw,proprio_seq_dtw,40,0.037674,0.03265
kosmos2-raw,L,6000,vit_raw,proprio_seq_dtw,75,0.049352,0.041367
kosmos2-raw,L,6000,vit_raw,proprio_seq_dtw,110,0.06255,0.049317
kosmos2-raw,L,6000,vit_raw,proprio_seq_dtw,150,0.074188,0.056217
kosmos2-raw,L,6000,vit_raw,proprio_seq_dtw,220,0.086836,0.0643
kosmos2-raw,L,6000,pre_llm,proprio_seq_dtw,1,0.022843,0.021333
kosmos2-raw,L,6000,pre_llm,proprio_seq_dtw,3,0.022696,0.021467
kosmos2-raw,L,6000,pre_llm,proprio_seq_dtw,7,0.023837,0.022417
kosmos2-raw,L,6000,pre_llm,proprio_seq_dtw,15,0.027032,0.02385
kosmos2-raw,L,6000,pre_llm,proprio_seq_dtw,25,0.029499,0.025783
kosmos2-raw,L,6000,pre_llm,proprio_seq_dtw,40,0.034296,0.029717
kosmos2-raw,L,6000,pre_llm,proprio_seq_dtw,75,0.045906,0.036933
kosmos2-raw,L,6000,pre_llm,proprio_seq_dtw,110,0.058242,0.044283
kosmos2-raw,L,6000,pre_llm,proprio_seq_dtw,150,0.068929,0.04995
kosmos2-raw,L,6000,pre_llm,proprio_seq_dtw,220,0.080399,0.05655
kosmos2-raw,L,6000,pre_llm_txt,proprio_seq_dtw,1,0.008774,0.009333
kosmos2-raw,L,6000,pre_llm_txt,proprio_seq_dtw,3,0.008853,0.009283
kosmos2-raw,L,6000,pre_llm_txt,proprio_seq_dtw,7,0.009398,0.009633
kosmos2-raw,L,6000,pre_llm_txt,proprio_seq_dtw,15,0.011076,0.011117
kosmos2-raw,L,6000,pre_llm_txt,proprio_seq_dtw,25,0.011992,0.012033
kosmos2-raw,L,6000,pre_llm_txt,proprio_seq_dtw,40,0.015058,0.0142
kosmos2-raw,L,6000,pre_llm_txt,proprio_seq_dtw,75,0.020639,0.018317
kosmos2-raw,L,6000,pre_llm_txt,proprio_seq_dtw,110,0.025868,0.022
kosmos2-raw,L,6000,pre_llm_txt,proprio_seq_dtw,150,0.030734,0.025817
kosmos2-raw,L,6000,pre_llm_txt,proprio_seq_dtw,220,0.036508,0.029767
kosmos2-raw,L,6000,pre_llm_vt,proprio_seq_dtw,1,0.022874,0.0213
kosmos2-raw,L,6000,pre_llm_vt,proprio_seq_dtw,3,0.022787,0.02145
kosmos2-raw,L,6000,pre_llm_vt,proprio_seq_dtw,7,0.02387,0.02235
kosmos2-raw,L,6000,pre_llm_vt,proprio_seq_dtw,15,0.027066,0.0239
kosmos2-raw,L,6000,pre_llm_vt,proprio_seq_dtw,25,0.029538,0.02595
kosmos2-raw,L,6000,pre_llm_vt,proprio_seq_dtw,40,0.034082,0.029733
kosmos2-raw,L,6000,pre_llm_vt,proprio_seq_dtw,75,0.045898,0.037067
kosmos2-raw,L,6000,pre_llm_vt,proprio_seq_dtw,110,0.058473,0.044567
kosmos2-raw,L,6000,pre_llm_vt,proprio_seq_dtw,150,0.069402,0.050283
kosmos2-raw,L,6000,pre_llm_vt,proprio_seq_dtw,220,0.080582,0.05695
kosmos2-raw,L,6000,img,proprio_seq_dtw,1,0.020413,0.017717
kosmos2-raw,L,6000,img,proprio_seq_dtw,3,0.020563,0.018167
kosmos2-raw,L,6000,img,proprio_seq_dtw,7,0.021388,0.01895
kosmos2-raw,L,6000,img,proprio_seq_dtw,15,0.02398,0.020533
kosmos2-raw,L,6000,img,proprio_seq_dtw,25,0.026076,0.021817
kosmos2-raw,L,6000,img,proprio_seq_dtw,40,0.031365,0.025033
kosmos2-raw,L,6000,img,proprio_seq_dtw,75,0.040008,0.0307
kosmos2-raw,L,6000,img,proprio_seq_dtw,110,0.051097,0.036717
kosmos2-raw,L,6000,img,proprio_seq_dtw,150,0.058242,0.041183
kosmos2-raw,L,6000,img,proprio_seq_dtw,220,0.068927,0.0468
kosmos2-raw,L,6000,txt,proprio_seq_dtw,1,0.012937,0.012667
kosmos2-raw,L,6000,txt,proprio_seq_dtw,3,0.013212,0.012833
kosmos2-raw,L,6000,txt,proprio_seq_dtw,7,0.013903,0.01355
kosmos2-raw,L,6000,txt,proprio_seq_dtw,15,0.015773,0.01475
kosmos2-raw,L,6000,txt,proprio_seq_dtw,25,0.017859,0.016033
kosmos2-raw,L,6000,txt,proprio_seq_dtw,40,0.020742,0.018083
kosmos2-raw,L,6000,txt,proprio_seq_dtw,75,0.028563,0.0233
kosmos2-raw,L,6000,txt,proprio_seq_dtw,110,0.036038,0.0282
kosmos2-raw,L,6000,txt,proprio_seq_dtw,150,0.042444,0.0326
kosmos2-raw,L,6000,txt,proprio_seq_dtw,220,0.049794,0.037783
kosmos2-raw,L,6000,imgtext,proprio_seq_dtw,1,0.020546,0.018117
kosmos2-raw,L,6000,imgtext,proprio_seq_dtw,3,0.020887,0.018567
kosmos2-raw,L,6000,imgtext,proprio_seq_dtw,7,0.02152,0.0192
kosmos2-raw,L,6000,imgtext,proprio_seq_dtw,15,0.023649,0.02045
kosmos2-raw,L,6000,imgtext,proprio_seq_dtw,25,0.026069,0.0219
kosmos2-raw,L,6000,imgtext,proprio_seq_dtw,40,0.031484,0.02535
kosmos2-raw,L,6000,imgtext,proprio_seq_dtw,75,0.04122,0.031417
kosmos2-raw,L,6000,imgtext,proprio_seq_dtw,110,0.0524,0.03765
kosmos2-raw,L,6000,imgtext,proprio_seq_dtw,150,0.060745,0.04285
kosmos2-raw,L,6000,imgtext,proprio_seq_dtw,220,0.070777,0.0486
paligemma1-raw,L,6000,vit_raw,proprio_seq_dtw,1,0.023987,0.023017
paligemma1-raw,L,6000,vit_raw,proprio_seq_dtw,3,0.023901,0.023083
paligemma1-raw,L,6000,vit_raw,proprio_seq_dtw,7,0.024929,0.023767
paligemma1-raw,L,6000,vit_raw,proprio_seq_dtw,15,0.028257,0.025583
paligemma1-raw,L,6000,vit_raw,proprio_seq_dtw,25,0.030753,0.0275
paligemma1-raw,L,6000,vit_raw,proprio_seq_dtw,40,0.037695,0.032467
paligemma1-raw,L,6000,vit_raw,proprio_seq_dtw,75,0.049907,0.0418
paligemma1-raw,L,6000,vit_raw,proprio_seq_dtw,110,0.06297,0.049283
paligemma1-raw,L,6000,vit_raw,proprio_seq_dtw,150,0.075785,0.056717
paligemma1-raw,L,6000,vit_raw,proprio_seq_dtw,220,0.086982,0.0634
paligemma1-raw,L,6000,pre_llm,proprio_seq_dtw,1,0.024093,0.022317
paligemma1-raw,L,6000,pre_llm,proprio_seq_dtw,3,0.024169,0.0225
paligemma1-raw,L,6000,pre_llm,proprio_seq_dtw,7,0.02515,0.023133
paligemma1-raw,L,6000,pre_llm,proprio_seq_dtw,15,0.028051,0.025083
paligemma1-raw,L,6000,pre_llm,proprio_seq_dtw,25,0.030612,0.026633
paligemma1-raw,L,6000,pre_llm,proprio_seq_dtw,40,0.037794,0.031583
paligemma1-raw,L,6000,pre_llm,proprio_seq_dtw,75,0.050573,0.041083
paligemma1-raw,L,6000,pre_llm,proprio_seq_dtw,110,0.063164,0.048417
paligemma1-raw,L,6000,pre_llm,proprio_seq_dtw,150,0.074957,0.055117
paligemma1-raw,L,6000,pre_llm,proprio_seq_dtw,220,0.086488,0.062117
paligemma1-raw,L,6000,pre_llm_txt,proprio_seq_dtw,1,0.008125,0.008933
paligemma1-raw,L,6000,pre_llm_txt,proprio_seq_dtw,3,0.0082,0.008983
paligemma1-raw,L,6000,pre_llm_txt,proprio_seq_dtw,7,0.008854,0.009317
paligemma1-raw,L,6000,pre_llm_txt,proprio_seq_dtw,15,0.010266,0.010467
paligemma1-raw,L,6000,pre_llm_txt,proprio_seq_dtw,25,0.011125,0.011017
paligemma1-raw,L,6000,pre_llm_txt,proprio_seq_dtw,40,0.014281,0.013217
paligemma1-raw,L,6000,pre_llm_txt,proprio_seq_dtw,75,0.019287,0.017583
paligemma1-raw,L,6000,pre_llm_txt,proprio_seq_dtw,110,0.024245,0.020683
paligemma1-raw,L,6000,pre_llm_txt,proprio_seq_dtw,150,0.029671,0.024333
paligemma1-raw,L,6000,pre_llm_txt,proprio_seq_dtw,220,0.03519,0.028033
paligemma1-raw,L,6000,pre_llm_vt,proprio_seq_dtw,1,0.01846,0.017233
paligemma1-raw,L,6000,pre_llm_vt,proprio_seq_dtw,3,0.018418,0.017417
paligemma1-raw,L,6000,pre_llm_vt,proprio_seq_dtw,7,0.019396,0.017967
paligemma1-raw,L,6000,pre_llm_vt,proprio_seq_dtw,15,0.02126,0.019467
paligemma1-raw,L,6000,pre_llm_vt,proprio_seq_dtw,25,0.024302,0.020783
paligemma1-raw,L,6000,pre_llm_vt,proprio_seq_dtw,40,0.030543,0.024967
paligemma1-raw,L,6000,pre_llm_vt,proprio_seq_dtw,75,0.041327,0.032783
paligemma1-raw,L,6000,pre_llm_vt,proprio_seq_dtw,110,0.050469,0.037933
paligemma1-raw,L,6000,pre_llm_vt,proprio_seq_dtw,150,0.059477,0.043083
paligemma1-raw,L,6000,pre_llm_vt,proprio_seq_dtw,220,0.069403,0.0494
paligemma1-raw,L,6000,img,proprio_seq_dtw,1,0.018447,0.017017
paligemma1-raw,L,6000,img,proprio_seq_dtw,3,0.018213,0.017017
paligemma1-raw,L,6000,img,proprio_seq_dtw,7,0.019253,0.01745
paligemma1-raw,L,6000,img,proprio_seq_dtw,15,0.022051,0.018867
paligemma1-raw,L,6000,img,proprio_seq_dtw,25,0.023395,0.020417
paligemma1-raw,L,6000,img,proprio_seq_dtw,40,0.028582,0.023767
paligemma1-raw,L,6000,img,proprio_seq_dtw,75,0.036793,0.029467
paligemma1-raw,L,6000,img,proprio_seq_dtw,110,0.046223,0.0345
paligemma1-raw,L,6000,img,proprio_seq_dtw,150,0.052202,0.038233
paligemma1-raw,L,6000,img,proprio_seq_dtw,220,0.058894,0.0428
paligemma1-raw,L,6000,txt,proprio_seq_dtw,1,0.015178,0.014167
paligemma1-raw,L,6000,txt,proprio_seq_dtw,3,0.01552,0.014233
paligemma1-raw,L,6000,txt,proprio_seq_dtw,7,0.015876,0.01455
paligemma1-raw,L,6000,txt,proprio_seq_dtw,15,0.017808,0.015717
paligemma1-raw,L,6000,txt,proprio_seq_dtw,25,0.01956,0.017217
paligemma1-raw,L,6000,txt,proprio_seq_dtw,40,0.024297,0.020067
paligemma1-raw,L,6000,txt,proprio_seq_dtw,75,0.031398,0.0253
paligemma1-raw,L,6000,txt,proprio_seq_dtw,110,0.039506,0.030017
paligemma1-raw,L,6000,txt,proprio_seq_dtw,150,0.04584,0.034983
paligemma1-raw,L,6000,txt,proprio_seq_dtw,220,0.054863,0.041
paligemma1-raw,L,6000,imgtext,proprio_seq_dtw,1,0.018642,0.017117
paligemma1-raw,L,6000,imgtext,proprio_seq_dtw,3,0.018408,0.017133
paligemma1-raw,L,6000,imgtext,proprio_seq_dtw,7,0.019513,0.0177
paligemma1-raw,L,6000,imgtext,proprio_seq_dtw,15,0.022317,0.019133
paligemma1-raw,L,6000,imgtext,proprio_seq_dtw,25,0.023407,0.0206
paligemma1-raw,L,6000,imgtext,proprio_seq_dtw,40,0.028596,0.023817
paligemma1-raw,L,6000,imgtext,proprio_seq_dtw,75,0.037026,0.029417
paligemma1-raw,L,6000,imgtext,proprio_seq_dtw,110,0.046613,0.034617
paligemma1-raw,L,6000,imgtext,proprio_seq_dtw,150,0.052609,0.038933
paligemma1-raw,L,6000,imgtext,proprio_seq_dtw,220,0.058447,0.042933
paligemma2-raw,L,6000,vit_raw,proprio_seq_dtw,1,0.023754,0.0225
paligemma2-raw,L,6000,vit_raw,proprio_seq_dtw,3,0.023666,0.02265
paligemma2-raw,L,6000,vit_raw,proprio_seq_dtw,7,0.025041,0.0236
paligemma2-raw,L,6000,vit_raw,proprio_seq_dtw,15,0.028409,0.025767
paligemma2-raw,L,6000,vit_raw,proprio_seq_dtw,25,0.031222,0.0279
paligemma2-raw,L,6000,vit_raw,proprio_seq_dtw,40,0.037835,0.03265
paligemma2-raw,L,6000,vit_raw,proprio_seq_dtw,75,0.050686,0.04125
paligemma2-raw,L,6000,vit_raw,proprio_seq_dtw,110,0.062829,0.048633
paligemma2-raw,L,6000,vit_raw,proprio_seq_dtw,150,0.074874,0.055867
paligemma2-raw,L,6000,vit_raw,proprio_seq_dtw,220,0.087099,0.063367
paligemma2-raw,L,6000,pre_llm,proprio_seq_dtw,1,0.023755,0.022233
paligemma2-raw,L,6000,pre_llm,proprio_seq_dtw,3,0.023557,0.022233
paligemma2-raw,L,6000,pre_llm,proprio_seq_dtw,7,0.025054,0.02325
paligemma2-raw,L,6000,pre_llm,proprio_seq_dtw,15,0.02798,0.0251
paligemma2-raw,L,6000,pre_llm,proprio_seq_dtw,25,0.03079,0.027267
paligemma2-raw,L,6000,pre_llm,proprio_seq_dtw,40,0.038043,0.032183
paligemma2-raw,L,6000,pre_llm,proprio_seq_dtw,75,0.050675,0.040667
paligemma2-raw,L,6000,pre_llm,proprio_seq_dtw,110,0.062152,0.047817
paligemma2-raw,L,6000,pre_llm,proprio_seq_dtw,150,0.073631,0.054517
paligemma2-raw,L,6000,pre_llm,proprio_seq_dtw,220,0.086801,0.06265
paligemma2-raw,L,6000,pre_llm_txt,proprio_seq_dtw,1,0.00825,0.00855
paligemma2-raw,L,6000,pre_llm_txt,proprio_seq_dtw,3,0.008471,0.008667
paligemma2-raw,L,6000,pre_llm_txt,proprio_seq_dtw,7,0.008898,0.008933
paligemma2-raw,L,6000,pre_llm_txt,proprio_seq_dtw,15,0.009933,0.010117
paligemma2-raw,L,6000,pre_llm_txt,proprio_seq_dtw,25,0.011212,0.01065
paligemma2-raw,L,6000,pre_llm_txt,proprio_seq_dtw,40,0.013801,0.012617
paligemma2-raw,L,6000,pre_llm_txt,proprio_seq_dtw,75,0.019086,0.0166
paligemma2-raw,L,6000,pre_llm_txt,proprio_seq_dtw,110,0.023264,0.019833
paligemma2-raw,L,6000,pre_llm_txt,proprio_seq_dtw,150,0.02807,0.023267
paligemma2-raw,L,6000,pre_llm_txt,proprio_seq_dtw,220,0.033208,0.026467
paligemma2-raw,L,6000,pre_llm_vt,proprio_seq_dtw,1,0.020991,0.019433
paligemma2-raw,L,6000,pre_llm_vt,proprio_seq_dtw,3,0.021011,0.019533
paligemma2-raw,L,6000,pre_llm_vt,proprio_seq_dtw,7,0.022011,0.020167
paligemma2-raw,L,6000,pre_llm_vt,proprio_seq_dtw,15,0.02505,0.022467
paligemma2-raw,L,6000,pre_llm_vt,proprio_seq_dtw,25,0.028016,0.024367
paligemma2-raw,L,6000,pre_llm_vt,proprio_seq_dtw,40,0.034328,0.029033
paligemma2-raw,L,6000,pre_llm_vt,proprio_seq_dtw,75,0.046094,0.0372
paligemma2-raw,L,6000,pre_llm_vt,proprio_seq_dtw,110,0.057373,0.04385
paligemma2-raw,L,6000,pre_llm_vt,proprio_seq_dtw,150,0.067892,0.05045
paligemma2-raw,L,6000,pre_llm_vt,proprio_seq_dtw,220,0.079317,0.0571
paligemma2-raw,L,6000,img,proprio_seq_dtw,1,0.018986,0.016333
paligemma2-raw,L,6000,img,proprio_seq_dtw,3,0.019063,0.016517
paligemma2-raw,L,6000,img,proprio_seq_dtw,7,0.019644,0.016817
paligemma2-raw,L,6000,img,proprio_seq_dtw,15,0.022104,0.0183
paligemma2-raw,L,6000,img,proprio_seq_dtw,25,0.024218,0.019933
paligemma2-raw,L,6000,img,proprio_seq_dtw,40,0.029666,0.022683
paligemma2-raw,L,6000,img,proprio_seq_dtw,75,0.037009,0.02745
paligemma2-raw,L,6000,img,proprio_seq_dtw,110,0.045518,0.0315
paligemma2-raw,L,6000,img,proprio_seq_dtw,150,0.05264,0.03585
paligemma2-raw,L,6000,img,proprio_seq_dtw,220,0.060864,0.040283
paligemma2-raw,L,6000,txt,proprio_seq_dtw,1,0.013888,0.013517
paligemma2-raw,L,6000,txt,proprio_seq_dtw,3,0.013632,0.0135
paligemma2-raw,L,6000,txt,proprio_seq_dtw,7,0.014387,0.014067
paligemma2-raw,L,6000,txt,proprio_seq_dtw,15,0.0169,0.015517
paligemma2-raw,L,6000,txt,proprio_seq_dtw,25,0.019532,0.01695
paligemma2-raw,L,6000,txt,proprio_seq_dtw,40,0.025065,0.020333
paligemma2-raw,L,6000,txt,proprio_seq_dtw,75,0.032456,0.025633
paligemma2-raw,L,6000,txt,proprio_seq_dtw,110,0.041374,0.030617
paligemma2-raw,L,6000,txt,proprio_seq_dtw,150,0.048241,0.034833
paligemma2-raw,L,6000,txt,proprio_seq_dtw,220,0.057561,0.040767
paligemma2-raw,L,6000,imgtext,proprio_seq_dtw,1,0.019347,0.016383
paligemma2-raw,L,6000,imgtext,proprio_seq_dtw,3,0.01943,0.016483
paligemma2-raw,L,6000,imgtext,proprio_seq_dtw,7,0.02002,0.016867
paligemma2-raw,L,6000,imgtext,proprio_seq_dtw,15,0.022781,0.018517
paligemma2-raw,L,6000,imgtext,proprio_seq_dtw,25,0.024912,0.020067
paligemma2-raw,L,6000,imgtext,proprio_seq_dtw,40,0.029736,0.022783
paligemma2-raw,L,6000,imgtext,proprio_seq_dtw,75,0.037786,0.027683
paligemma2-raw,L,6000,imgtext,proprio_seq_dtw,110,0.045931,0.031667
paligemma2-raw,L,6000,imgtext,proprio_seq_dtw,150,0.053649,0.035933
paligemma2-raw,L,6000,imgtext,proprio_seq_dtw,220,0.061236,0.040317
prismatic-raw,L,6000,img,proprio_seq_dtw,1,0.023999,0.0226
prismatic-raw,L,6000,img,proprio_seq_dtw,3,0.023361,0.0228
prismatic-raw,L,6000,img,proprio_seq_dtw,7,0.025008,0.024
prismatic-raw,L,6000,img,proprio_seq_dtw,15,0.028884,0.02595
prismatic-raw,L,6000,img,proprio_seq_dtw,25,0.031304,0.027783
prismatic-raw,L,6000,img,proprio_seq_dtw,40,0.037412,0.03255
prismatic-raw,L,6000,img,proprio_seq_dtw,75,0.050535,0.040867
prismatic-raw,L,6000,img,proprio_seq_dtw,110,0.062056,0.048483
prismatic-raw,L,6000,img,proprio_seq_dtw,150,0.074793,0.056017
prismatic-raw,L,6000,img,proprio_seq_dtw,220,0.086333,0.063183
qwen25vl-3b-raw,L,6000,vit_raw,proprio_seq_dtw,1,0.022935,0.020167
qwen25vl-3b-raw,L,6000,vit_raw,proprio_seq_dtw,3,0.022796,0.02045
qwen25vl-3b-raw,L,6000,vit_raw,proprio_seq_dtw,7,0.024051,0.021183
qwen25vl-3b-raw,L,6000,vit_raw,proprio_seq_dtw,15,0.026636,0.0228
qwen25vl-3b-raw,L,6000,vit_raw,proprio_seq_dtw,25,0.029769,0.024817
qwen25vl-3b-raw,L,6000,vit_raw,proprio_seq_dtw,40,0.0343,0.028583
qwen25vl-3b-raw,L,6000,vit_raw,proprio_seq_dtw,75,0.046934,0.036667
qwen25vl-3b-raw,L,6000,vit_raw,proprio_seq_dtw,110,0.059816,0.0435
qwen25vl-3b-raw,L,6000,vit_raw,proprio_seq_dtw,150,0.069588,0.04875
qwen25vl-3b-raw,L,6000,vit_raw,proprio_seq_dtw,220,0.07815,0.054917
qwen25vl-3b-raw,L,6000,pre_llm,proprio_seq_dtw,1,0.022332,0.020017
qwen25vl-3b-raw,L,6000,pre_llm,proprio_seq_dtw,3,0.022352,0.02045
qwen25vl-3b-raw,L,6000,pre_llm,proprio_seq_dtw,7,0.023911,0.0214
qwen25vl-3b-raw,L,6000,pre_llm,proprio_seq_dtw,15,0.02673,0.022867
qwen25vl-3b-raw,L,6000,pre_llm,proprio_seq_dtw,25,0.029735,0.02485
qwen25vl-3b-raw,L,6000,pre_llm,proprio_seq_dtw,40,0.034306,0.028683
qwen25vl-3b-raw,L,6000,pre_llm,proprio_seq_dtw,75,0.045992,0.036533
qwen25vl-3b-raw,L,6000,pre_llm,proprio_seq_dtw,110,0.059995,0.043767
qwen25vl-3b-raw,L,6000,pre_llm,proprio_seq_dtw,150,0.069644,0.04895
qwen25vl-3b-raw,L,6000,pre_llm,proprio_seq_dtw,220,0.078767,0.05525
qwen25vl-3b-raw,L,6000,pre_llm_txt,proprio_seq_dtw,1,0.00795,0.008667
qwen25vl-3b-raw,L,6000,pre_llm_txt,proprio_seq_dtw,3,0.008054,0.008683
qwen25vl-3b-raw,L,6000,pre_llm_txt,proprio_seq_dtw,7,0.008795,0.00905
qwen25vl-3b-raw,L,6000,pre_llm_txt,proprio_seq_dtw,15,0.009853,0.010267
qwen25vl-3b-raw,L,6000,pre_llm_txt,proprio_seq_dtw,25,0.011062,0.011
qwen25vl-3b-raw,L,6000,pre_llm_txt,proprio_seq_dtw,40,0.013884,0.013033
qwen25vl-3b-raw,L,6000,pre_llm_txt,proprio_seq_dtw,75,0.018906,0.017083
qwen25vl-3b-raw,L,6000,pre_llm_txt,proprio_seq_dtw,110,0.023891,0.0206
qwen25vl-3b-raw,L,6000,pre_llm_txt,proprio_seq_dtw,150,0.028714,0.023683
qwen25vl-3b-raw,L,6000,pre_llm_txt,proprio_seq_dtw,220,0.034458,0.027083
qwen25vl-3b-raw,L,6000,pre_llm_vt,proprio_seq_dtw,1,0.022378,0.020017
qwen25vl-3b-raw,L,6000,pre_llm_vt,proprio_seq_dtw,3,0.022339,0.02045
qwen25vl-3b-raw,L,6000,pre_llm_vt,proprio_seq_dtw,7,0.023717,0.021367
qwen25vl-3b-raw,L,6000,pre_llm_vt,proprio_seq_dtw,15,0.026593,0.02285
qwen25vl-3b-raw,L,6000,pre_llm_vt,proprio_seq_dtw,25,0.029539,0.024817
qwen25vl-3b-raw,L,6000,pre_llm_vt,proprio_seq_dtw,40,0.034035,0.028633
qwen25vl-3b-raw,L,6000,pre_llm_vt,proprio_seq_dtw,75,0.046041,0.036567
qwen25vl-3b-raw,L,6000,pre_llm_vt,proprio_seq_dtw,110,0.060043,0.043733
qwen25vl-3b-raw,L,6000,pre_llm_vt,proprio_seq_dtw,150,0.069398,0.0489
qwen25vl-3b-raw,L,6000,pre_llm_vt,proprio_seq_dtw,220,0.078279,0.0552
qwen25vl-3b-raw,L,6000,img,proprio_seq_dtw,1,0.017519,0.0156
qwen25vl-3b-raw,L,6000,img,proprio_seq_dtw,3,0.017714,0.015867
qwen25vl-3b-raw,L,6000,img,proprio_seq_dtw,7,0.018483,0.0168
qwen25vl-3b-raw,L,6000,img,proprio_seq_dtw,15,0.021089,0.018117
qwen25vl-3b-raw,L,6000,img,proprio_seq_dtw,25,0.023149,0.0196
qwen25vl-3b-raw,L,6000,img,proprio_seq_dtw,40,0.027227,0.022583
qwen25vl-3b-raw,L,6000,img,proprio_seq_dtw,75,0.036735,0.028683
qwen25vl-3b-raw,L,6000,img,proprio_seq_dtw,110,0.046387,0.033767
qwen25vl-3b-raw,L,6000,img,proprio_seq_dtw,150,0.054318,0.037717
qwen25vl-3b-raw,L,6000,img,proprio_seq_dtw,220,0.061526,0.042583
qwen25vl-3b-raw,L,6000,txt,proprio_seq_dtw,1,0.013045,0.01275
qwen25vl-3b-raw,L,6000,txt,proprio_seq_dtw,3,0.012798,0.012767
qwen25vl-3b-raw,L,6000,txt,proprio_seq_dtw,7,0.013647,0.013267
qwen25vl-3b-raw,L,6000,txt,proprio_seq_dtw,15,0.015762,0.014883
qwen25vl-3b-raw,L,6000,txt,proprio_seq_dtw,25,0.017767,0.016183
qwen25vl-3b-raw,L,6000,txt,proprio_seq_dtw,40,0.022492,0.019
qwen25vl-3b-raw,L,6000,txt,proprio_seq_dtw,75,0.029302,0.02385
qwen25vl-3b-raw,L,6000,txt,proprio_seq_dtw,110,0.037335,0.0291
qwen25vl-3b-raw,L,6000,txt,proprio_seq_dtw,150,0.043704,0.033583
qwen25vl-3b-raw,L,6000,txt,proprio_seq_dtw,220,0.050949,0.038683
qwen25vl-3b-raw,L,6000,imgtext,proprio_seq_dtw,1,0.017612,0.0157
qwen25vl-3b-raw,L,6000,imgtext,proprio_seq_dtw,3,0.017806,0.01585
qwen25vl-3b-raw,L,6000,imgtext,proprio_seq_dtw,7,0.018758,0.016783
qwen25vl-3b-raw,L,6000,imgtext,proprio_seq_dtw,15,0.021238,0.018167
qwen25vl-3b-raw,L,6000,imgtext,proprio_seq_dtw,25,0.02368,0.019417
qwen25vl-3b-raw,L,6000,imgtext,proprio_seq_dtw,40,0.028037,0.022533
qwen25vl-3b-raw,L,6000,imgtext,proprio_seq_dtw,75,0.037087,0.02865
qwen25vl-3b-raw,L,6000,imgtext,proprio_seq_dtw,110,0.047244,0.034067
qwen25vl-3b-raw,L,6000,imgtext,proprio_seq_dtw,150,0.055495,0.038633
qwen25vl-3b-raw,L,6000,imgtext,proprio_seq_dtw,220,0.062134,0.043117
qwen25vl-7b-raw,L,6000,vit_raw,proprio_seq_dtw,1,0.022083,0.0215
qwen25vl-7b-raw,L,6000,vit_raw,proprio_seq_dtw,3,0.021887,0.0215
qwen25vl-7b-raw,L,6000,vit_raw,proprio_seq_dtw,7,0.023115,0.022317
qwen25vl-7b-raw,L,6000,vit_raw,proprio_seq_dtw,15,0.026636,0.024467
qwen25vl-7b-raw,L,6000,vit_raw,proprio_seq_dtw,25,0.029929,0.0268
qwen25vl-7b-raw,L,6000,vit_raw,proprio_seq_dtw,40,0.036698,0.031383
qwen25vl-7b-raw,L,6000,vit_raw,proprio_seq_dtw,75,0.048696,0.039933
qwen25vl-7b-raw,L,6000,vit_raw,proprio_seq_dtw,110,0.061215,0.047267
qwen25vl-7b-raw,L,6000,vit_raw,proprio_seq_dtw,150,0.072517,0.053667
qwen25vl-7b-raw,L,6000,vit_raw,proprio_seq_dtw,220,0.08549,0.06235
qwen25vl-7b-raw,L,6000,pre_llm,proprio_seq_dtw,1,0.022623,0.021533
qwen25vl-7b-raw,L,6000,pre_llm,proprio_seq_dtw,3,0.022431,0.0215
qwen25vl-7b-raw,L,6000,pre_llm,proprio_seq_dtw,7,0.023426,0.0224
qwen25vl-7b-raw,L,6000,pre_llm,proprio_seq_dtw,15,0.026879,0.024417
qwen25vl-7b-raw,L,6000,pre_llm,proprio_seq_dtw,25,0.030094,0.026783
qwen25vl-7b-raw,L,6000,pre_llm,proprio_seq_dtw,40,0.036639,0.031467
qwen25vl-7b-raw,L,6000,pre_llm,proprio_seq_dtw,75,0.048583,0.04005
qwen25vl-7b-raw,L,6000,pre_llm,proprio_seq_dtw,110,0.061942,0.047667
qwen25vl-7b-raw,L,6000,pre_llm,proprio_seq_dtw,150,0.073323,0.053933
qwen25vl-7b-raw,L,6000,pre_llm,proprio_seq_dtw,220,0.086721,0.063517
qwen25vl-7b-raw,L,6000,pre_llm_txt,proprio_seq_dtw,1,0.007882,0.008467
qwen25vl-7b-raw,L,6000,pre_llm_txt,proprio_seq_dtw,3,0.008002,0.00855
qwen25vl-7b-raw,L,6000,pre_llm_txt,proprio_seq_dtw,7,0.008616,0.008933
qwen25vl-7b-raw,L,6000,pre_llm_txt,proprio_seq_dtw,15,0.010025,0.00995
qwen25vl-7b-raw,L,6000,pre_llm_txt,proprio_seq_dtw,25,0.010712,0.010683
qwen25vl-7b-raw,L,6000,pre_llm_txt,proprio_seq_dtw,40,0.013134,0.012583
qwen25vl-7b-raw,L,6000,pre_llm_txt,proprio_seq_dtw,75,0.018615,0.016367
qwen25vl-7b-raw,L,6000,pre_llm_txt,proprio_seq_dtw,110,0.023633,0.01945
qwen25vl-7b-raw,L,6000,pre_llm_txt,proprio_seq_dtw,150,0.027863,0.02245
qwen25vl-7b-raw,L,6000,pre_llm_txt,proprio_seq_dtw,220,0.032585,0.025717
qwen25vl-7b-raw,L,6000,pre_llm_vt,proprio_seq_dtw,1,0.02262,0.021517
qwen25vl-7b-raw,L,6000,pre_llm_vt,proprio_seq_dtw,3,0.022429,0.021483
qwen25vl-7b-raw,L,6000,pre_llm_vt,proprio_seq_dtw,7,0.023424,0.0224
qwen25vl-7b-raw,L,6000,pre_llm_vt,proprio_seq_dtw,15,0.026932,0.024467
qwen25vl-7b-raw,L,6000,pre_llm_vt,proprio_seq_dtw,25,0.030148,0.026817
qwen25vl-7b-raw,L,6000,pre_llm_vt,proprio_seq_dtw,40,0.036818,0.031467
qwen25vl-7b-raw,L,6000,pre_llm_vt,proprio_seq_dtw,75,0.048575,0.0401
qwen25vl-7b-raw,L,6000,pre_llm_vt,proprio_seq_dtw,110,0.06206,0.047717
qwen25vl-7b-raw,L,6000,pre_llm_vt,proprio_seq_dtw,150,0.073439,0.0539
qwen25vl-7b-raw,L,6000,pre_llm_vt,proprio_seq_dtw,220,0.08684,0.063567
qwen25vl-7b-raw,L,6000,img,proprio_seq_dtw,1,0.018245,0.016417
qwen25vl-7b-raw,L,6000,img,proprio_seq_dtw,3,0.018024,0.01685
qwen25vl-7b-raw,L,6000,img,proprio_seq_dtw,7,0.018849,0.017583
qwen25vl-7b-raw,L,6000,img,proprio_seq_dtw,15,0.022265,0.01935
qwen25vl-7b-raw,L,6000,img,proprio_seq_dtw,25,0.023719,0.020683
qwen25vl-7b-raw,L,6000,img,proprio_seq_dtw,40,0.02835,0.02435
qwen25vl-7b-raw,L,6000,img,proprio_seq_dtw,75,0.03735,0.029783
qwen25vl-7b-raw,L,6000,img,proprio_seq_dtw,110,0.046234,0.035
qwen25vl-7b-raw,L,6000,img,proprio_seq_dtw,150,0.05405,0.039433
qwen25vl-7b-raw,L,6000,img,proprio_seq_dtw,220,0.06371,0.045383
qwen25vl-7b-raw,L,6000,txt,proprio_seq_dtw,1,0.011878,0.012417
qwen25vl-7b-raw,L,6000,txt,proprio_seq_dtw,3,0.012014,0.012483
qwen25vl-7b-raw,L,6000,txt,proprio_seq_dtw,7,0.012604,0.012867
qwen25vl-7b-raw,L,6000,txt,proprio_seq_dtw,15,0.014502,0.01415
qwen25vl-7b-raw,L,6000,txt,proprio_seq_dtw,25,0.016603,0.015633
qwen25vl-7b-raw,L,6000,txt,proprio_seq_dtw,40,0.021785,0.018633
qwen25vl-7b-raw,L,6000,txt,proprio_seq_dtw,75,0.028127,0.023417
qwen25vl-7b-raw,L,6000,txt,proprio_seq_dtw,110,0.035514,0.02825
qwen25vl-7b-raw,L,6000,txt,proprio_seq_dtw,150,0.040565,0.03215
qwen25vl-7b-raw,L,6000,txt,proprio_seq_dtw,220,0.048138,0.038283
qwen25vl-7b-raw,L,6000,imgtext,proprio_seq_dtw,1,0.01765,0.0166
qwen25vl-7b-raw,L,6000,imgtext,proprio_seq_dtw,3,0.017486,0.016817
qwen25vl-7b-raw,L,6000,imgtext,proprio_seq_dtw,7,0.019104,0.017733
qwen25vl-7b-raw,L,6000,imgtext,proprio_seq_dtw,15,0.021968,0.01975
qwen25vl-7b-raw,L,6000,imgtext,proprio_seq_dtw,25,0.024697,0.021333
qwen25vl-7b-raw,L,6000,imgtext,proprio_seq_dtw,40,0.029492,0.024867
qwen25vl-7b-raw,L,6000,imgtext,proprio_seq_dtw,75,0.038007,0.030367
qwen25vl-7b-raw,L,6000,imgtext,proprio_seq_dtw,110,0.047715,0.036033
qwen25vl-7b-raw,L,6000,imgtext,proprio_seq_dtw,150,0.054155,0.040083
qwen25vl-7b-raw,L,6000,imgtext,proprio_seq_dtw,220,0.063371,0.046
qwen3vl-2b-raw,L,6000,vit_raw,proprio_seq_dtw,1,0.02337,0.021967
qwen3vl-2b-raw,L,6000,vit_raw,proprio_seq_dtw,3,0.02322,0.02215
qwen3vl-2b-raw,L,6000,vit_raw,proprio_seq_dtw,7,0.02416,0.023217
qwen3vl-2b-raw,L,6000,vit_raw,proprio_seq_dtw,15,0.027835,0.025333
qwen3vl-2b-raw,L,6000,vit_raw,proprio_seq_dtw,25,0.030649,0.027033
qwen3vl-2b-raw,L,6000,vit_raw,proprio_seq_dtw,40,0.037417,0.032167
qwen3vl-2b-raw,L,6000,vit_raw,proprio_seq_dtw,75,0.050672,0.0414
qwen3vl-2b-raw,L,6000,vit_raw,proprio_seq_dtw,110,0.063462,0.0488
qwen3vl-2b-raw,L,6000,vit_raw,proprio_seq_dtw,150,0.076264,0.05565
qwen3vl-2b-raw,L,6000,vit_raw,proprio_seq_dtw,220,0.089253,0.064067
qwen3vl-2b-raw,L,6000,pre_llm,proprio_seq_dtw,1,0.022608,0.0215
qwen3vl-2b-raw,L,6000,pre_llm,proprio_seq_dtw,3,0.02257,0.021733
qwen3vl-2b-raw,L,6000,pre_llm,proprio_seq_dtw,7,0.023659,0.022817
qwen3vl-2b-raw,L,6000,pre_llm,proprio_seq_dtw,15,0.027229,0.024917
qwen3vl-2b-raw,L,6000,pre_llm,proprio_seq_dtw,25,0.029947,0.026833
qwen3vl-2b-raw,L,6000,pre_llm,proprio_seq_dtw,40,0.037112,0.031933
qwen3vl-2b-raw,L,6000,pre_llm,proprio_seq_dtw,75,0.049608,0.040817
qwen3vl-2b-raw,L,6000,pre_llm,proprio_seq_dtw,110,0.062509,0.0485
qwen3vl-2b-raw,L,6000,pre_llm,proprio_seq_dtw,150,0.07476,0.0559
qwen3vl-2b-raw,L,6000,pre_llm,proprio_seq_dtw,220,0.08786,0.063533
qwen3vl-2b-raw,L,6000,pre_llm_txt,proprio_seq_dtw,1,0.008232,0.0089
qwen3vl-2b-raw,L,6000,pre_llm_txt,proprio_seq_dtw,3,0.008321,0.008833
qwen3vl-2b-raw,L,6000,pre_llm_txt,proprio_seq_dtw,7,0.008944,0.009217
qwen3vl-2b-raw,L,6000,pre_llm_txt,proprio_seq_dtw,15,0.010283,0.010517
qwen3vl-2b-raw,L,6000,pre_llm_txt,proprio_seq_dtw,25,0.011432,0.0113
qwen3vl-2b-raw,L,6000,pre_llm_txt,proprio_seq_dtw,40,0.014438,0.013167
qwen3vl-2b-raw,L,6000,pre_llm_txt,proprio_seq_dtw,75,0.019762,0.01735
qwen3vl-2b-raw,L,6000,pre_llm_txt,proprio_seq_dtw,110,0.024253,0.020667
qwen3vl-2b-raw,L,6000,pre_llm_txt,proprio_seq_dtw,150,0.028879,0.023867
qwen3vl-2b-raw,L,6000,pre_llm_txt,proprio_seq_dtw,220,0.034767,0.02755
qwen3vl-2b-raw,L,6000,pre_llm_vt,proprio_seq_dtw,1,0.022556,0.0216
qwen3vl-2b-raw,L,6000,pre_llm_vt,proprio_seq_dtw,3,0.022352,0.02175
qwen3vl-2b-raw,L,6000,pre_llm_vt,proprio_seq_dtw,7,0.023608,0.022733
qwen3vl-2b-raw,L,6000,pre_llm_vt,proprio_seq_dtw,15,0.027234,0.024983
qwen3vl-2b-raw,L,6000,pre_llm_vt,proprio_seq_dtw,25,0.030013,0.026833
qwen3vl-2b-raw,L,6000,pre_llm_vt,proprio_seq_dtw,40,0.03724,0.031917
qwen3vl-2b-raw,L,6000,pre_llm_vt,proprio_seq_dtw,75,0.049746,0.040817
qwen3vl-2b-raw,L,6000,pre_llm_vt,proprio_seq_dtw,110,0.062922,0.048483
qwen3vl-2b-raw,L,6000,pre_llm_vt,proprio_seq_dtw,150,0.074713,0.055567
qwen3vl-2b-raw,L,6000,pre_llm_vt,proprio_seq_dtw,220,0.08781,0.063383
qwen3vl-2b-raw,L,6000,img,proprio_seq_dtw,1,0.022503,0.021367
qwen3vl-2b-raw,L,6000,img,proprio_seq_dtw,3,0.02213,0.021567
qwen3vl-2b-raw,L,6000,img,proprio_seq_dtw,7,0.023637,0.022683
qwen3vl-2b-raw,L,6000,img,proprio_seq_dtw,15,0.027488,0.02465
qwen3vl-2b-raw,L,6000,img,proprio_seq_dtw,25,0.030181,0.02665
qwen3vl-2b-raw,L,6000,img,proprio_seq_dtw,40,0.035659,0.03085
qwen3vl-2b-raw,L,6000,img,proprio_seq_dtw,75,0.047519,0.038917
qwen3vl-2b-raw,L,6000,img,proprio_seq_dtw,110,0.059486,0.045717
qwen3vl-2b-raw,L,6000,img,proprio_seq_dtw,150,0.07151,0.052667
qwen3vl-2b-raw,L,6000,img,proprio_seq_dtw,220,0.084253,0.06055
qwen3vl-2b-raw,L,6000,txt,proprio_seq_dtw,1,0.012088,0.011883
qwen3vl-2b-raw,L,6000,txt,proprio_seq_dtw,3,0.012226,0.012183
qwen3vl-2b-raw,L,6000,txt,proprio_seq_dtw,7,0.012749,0.012783
qwen3vl-2b-raw,L,6000,txt,proprio_seq_dtw,15,0.014636,0.01405
qwen3vl-2b-raw,L,6000,txt,proprio_seq_dtw,25,0.016197,0.014933
qwen3vl-2b-raw,L,6000,txt,proprio_seq_dtw,40,0.019252,0.017
qwen3vl-2b-raw,L,6000,txt,proprio_seq_dtw,75,0.025567,0.021667
qwen3vl-2b-raw,L,6000,txt,proprio_seq_dtw,110,0.031794,0.025883
qwen3vl-2b-raw,L,6000,txt,proprio_seq_dtw,150,0.037255,0.02975
qwen3vl-2b-raw,L,6000,txt,proprio_seq_dtw,220,0.044191,0.03555
qwen3vl-2b-raw,L,6000,imgtext,proprio_seq_dtw,1,0.019918,0.01815
qwen3vl-2b-raw,L,6000,imgtext,proprio_seq_dtw,3,0.01993,0.018583
qwen3vl-2b-raw,L,6000,imgtext,proprio_seq_dtw,7,0.021257,0.0192
qwen3vl-2b-raw,L,6000,imgtext,proprio_seq_dtw,15,0.024334,0.021367
qwen3vl-2b-raw,L,6000,imgtext,proprio_seq_dtw,25,0.026421,0.022933
qwen3vl-2b-raw,L,6000,imgtext,proprio_seq_dtw,40,0.032433,0.026967
qwen3vl-2b-raw,L,6000,imgtext,proprio_seq_dtw,75,0.043847,0.034767
qwen3vl-2b-raw,L,6000,imgtext,proprio_seq_dtw,110,0.053146,0.0405
qwen3vl-2b-raw,L,6000,imgtext,proprio_seq_dtw,150,0.062378,0.046117
qwen3vl-2b-raw,L,6000,imgtext,proprio_seq_dtw,220,0.074114,0.053133
qwen3vl-4b-raw,L,6000,vit_raw,proprio_seq_dtw,1,0.024146,0.023033
qwen3vl-4b-raw,L,6000,vit_raw,proprio_seq_dtw,3,0.023943,0.023183
qwen3vl-4b-raw,L,6000,vit_raw,proprio_seq_dtw,7,0.025318,0.024183
qwen3vl-4b-raw,L,6000,vit_raw,proprio_seq_dtw,15,0.0289,0.02655
qwen3vl-4b-raw,L,6000,vit_raw,proprio_seq_dtw,25,0.031538,0.028233
qwen3vl-4b-raw,L,6000,vit_raw,proprio_seq_dtw,40,0.039078,0.0335
qwen3vl-4b-raw,L,6000,vit_raw,proprio_seq_dtw,75,0.052116,0.042217
qwen3vl-4b-raw,L,6000,vit_raw,proprio_seq_dtw,110,0.065093,0.049633
qwen3vl-4b-raw,L,6000,vit_raw,proprio_seq_dtw,150,0.077674,0.056817
qwen3vl-4b-raw,L,6000,vit_raw,proprio_seq_dtw,220,0.090762,0.06515
qwen3vl-4b-raw,L,6000,pre_llm,proprio_seq_dtw,1,0.024153,0.022817
qwen3vl-4b-raw,L,6000,pre_llm,proprio_seq_dtw,3,0.024115,0.0231
qwen3vl-4b-raw,L,6000,pre_llm,proprio_seq_dtw,7,0.025431,0.024067
qwen3vl-4b-raw,L,6000,pre_llm,proprio_seq_dtw,15,0.028901,0.026233
qwen3vl-4b-raw,L,6000,pre_llm,proprio_seq_dtw,25,0.031186,0.027867
qwen3vl-4b-raw,L,6000,pre_llm,proprio_seq_dtw,40,0.038942,0.033133
qwen3vl-4b-raw,L,6000,pre_llm,proprio_seq_dtw,75,0.051387,0.041733
qwen3vl-4b-raw,L,6000,pre_llm,proprio_seq_dtw,110,0.063867,0.049033
qwen3vl-4b-raw,L,6000,pre_llm,proprio_seq_dtw,150,0.076395,0.056283
qwen3vl-4b-raw,L,6000,pre_llm,proprio_seq_dtw,220,0.09018,0.064567
qwen3vl-4b-raw,L,6000,pre_llm_txt,proprio_seq_dtw,1,0.008264,0.009
qwen3vl-4b-raw,L,6000,pre_llm_txt,proprio_seq_dtw,3,0.008351,0.0089
qwen3vl-4b-raw,L,6000,pre_llm_txt,proprio_seq_dtw,7,0.008887,0.009217
qwen3vl-4b-raw,L,6000,pre_llm_txt,proprio_seq_dtw,15,0.010347,0.01045
qwen3vl-4b-raw,L,6000,pre_llm_txt,proprio_seq_dtw,25,0.011587,0.011333
qwen3vl-4b-raw,L,6000,pre_llm_txt,proprio_seq_dtw,40,0.014761,0.0134
qwen3vl-4b-raw,L,6000,pre_llm_txt,proprio_seq_dtw,75,0.020159,0.017433
qwen3vl-4b-raw,L,6000,pre_llm_txt,proprio_seq_dtw,110,0.025019,0.020867
qwen3vl-4b-raw,L,6000,pre_llm_txt,proprio_seq_dtw,150,0.029571,0.0242
qwen3vl-4b-raw,L,6000,pre_llm_txt,proprio_seq_dtw,220,0.035648,0.02785
qwen3vl-4b-raw,L,6000,pre_llm_vt,proprio_seq_dtw,1,0.024369,0.0229
qwen3vl-4b-raw,L,6000,pre_llm_vt,proprio_seq_dtw,3,0.024387,0.023233
qwen3vl-4b-raw,L,6000,pre_llm_vt,proprio_seq_dtw,7,0.02576,0.024217
qwen3vl-4b-raw,L,6000,pre_llm_vt,proprio_seq_dtw,15,0.029178,0.026367
qwen3vl-4b-raw,L,6000,pre_llm_vt,proprio_seq_dtw,25,0.031529,0.028033
qwen3vl-4b-raw,L,6000,pre_llm_vt,proprio_seq_dtw,40,0.039116,0.033267
qwen3vl-4b-raw,L,6000,pre_llm_vt,proprio_seq_dtw,75,0.051443,0.041867
qwen3vl-4b-raw,L,6000,pre_llm_vt,proprio_seq_dtw,110,0.064377,0.049167
qwen3vl-4b-raw,L,6000,pre_llm_vt,proprio_seq_dtw,150,0.076513,0.05635
qwen3vl-4b-raw,L,6000,pre_llm_vt,proprio_seq_dtw,220,0.090514,0.064883
qwen3vl-4b-raw,L,6000,img,proprio_seq_dtw,1,0.022288,0.021383
qwen3vl-4b-raw,L,6000,img,proprio_seq_dtw,3,0.022303,0.021633
qwen3vl-4b-raw,L,6000,img,proprio_seq_dtw,7,0.023921,0.022767
qwen3vl-4b-raw,L,6000,img,proprio_seq_dtw,15,0.027487,0.024767
qwen3vl-4b-raw,L,6000,img,proprio_seq_dtw,25,0.029825,0.026417
qwen3vl-4b-raw,L,6000,img,proprio_seq_dtw,40,0.035965,0.030767
qwen3vl-4b-raw,L,6000,img,proprio_seq_dtw,75,0.047891,0.039117
qwen3vl-4b-raw,L,6000,img,proprio_seq_dtw,110,0.060867,0.046883
qwen3vl-4b-raw,L,6000,img,proprio_seq_dtw,150,0.071963,0.053067
qwen3vl-4b-raw,L,6000,img,proprio_seq_dtw,220,0.085314,0.061
qwen3vl-4b-raw,L,6000,txt,proprio_seq_dtw,1,0.012699,0.012783
qwen3vl-4b-raw,L,6000,txt,proprio_seq_dtw,3,0.012834,0.013017
qwen3vl-4b-raw,L,6000,txt,proprio_seq_dtw,7,0.01374,0.013383
qwen3vl-4b-raw,L,6000,txt,proprio_seq_dtw,15,0.016359,0.015033
qwen3vl-4b-raw,L,6000,txt,proprio_seq_dtw,25,0.017565,0.016133
qwen3vl-4b-raw,L,6000,txt,proprio_seq_dtw,40,0.021066,0.018483
qwen3vl-4b-raw,L,6000,txt,proprio_seq_dtw,75,0.027311,0.023317
qwen3vl-4b-raw,L,6000,txt,proprio_seq_dtw,110,0.034523,0.027867
qwen3vl-4b-raw,L,6000,txt,proprio_seq_dtw,150,0.040977,0.032517
qwen3vl-4b-raw,L,6000,txt,proprio_seq_dtw,220,0.04794,0.038067
qwen3vl-4b-raw,L,6000,imgtext,proprio_seq_dtw,1,0.020994,0.020033
qwen3vl-4b-raw,L,6000,imgtext,proprio_seq_dtw,3,0.021067,0.020317
qwen3vl-4b-raw,L,6000,imgtext,proprio_seq_dtw,7,0.022531,0.02115
qwen3vl-4b-raw,L,6000,imgtext,proprio_seq_dtw,15,0.025994,0.023217
qwen3vl-4b-raw,L,6000,imgtext,proprio_seq_dtw,25,0.028621,0.024917
qwen3vl-4b-raw,L,6000,imgtext,proprio_seq_dtw,40,0.034808,0.029683
qwen3vl-4b-raw,L,6000,imgtext,proprio_seq_dtw,75,0.046652,0.03805
qwen3vl-4b-raw,L,6000,imgtext,proprio_seq_dtw,110,0.057558,0.044483
qwen3vl-4b-raw,L,6000,imgtext,proprio_seq_dtw,150,0.069038,0.051033
qwen3vl-4b-raw,L,6000,imgtext,proprio_seq_dtw,220,0.082207,0.0587
qwen3vl-8b-raw,L,6000,vit_raw,proprio_seq_dtw,1,0.024181,0.022533
qwen3vl-8b-raw,L,6000,vit_raw,proprio_seq_dtw,3,0.023716,0.0226
qwen3vl-8b-raw,L,6000,vit_raw,proprio_seq_dtw,7,0.024969,0.023467
qwen3vl-8b-raw,L,6000,vit_raw,proprio_seq_dtw,15,0.02843,0.02565
qwen3vl-8b-raw,L,6000,vit_raw,proprio_seq_dtw,25,0.031384,0.027767
qwen3vl-8b-raw,L,6000,vit_raw,proprio_seq_dtw,40,0.037883,0.032933
qwen3vl-8b-raw,L,6000,vit_raw,proprio_seq_dtw,75,0.050953,0.04205
qwen3vl-8b-raw,L,6000,vit_raw,proprio_seq_dtw,110,0.064699,0.0503
qwen3vl-8b-raw,L,6000,vit_raw,proprio_seq_dtw,150,0.076426,0.0574
qwen3vl-8b-raw,L,6000,vit_raw,proprio_seq_dtw,220,0.089088,0.065767
qwen3vl-8b-raw,L,6000,pre_llm,proprio_seq_dtw,1,0.023544,0.022017
qwen3vl-8b-raw,L,6000,pre_llm,proprio_seq_dtw,3,0.023071,0.0222
qwen3vl-8b-raw,L,6000,pre_llm,proprio_seq_dtw,7,0.024478,0.023183
qwen3vl-8b-raw,L,6000,pre_llm,proprio_seq_dtw,15,0.027734,0.025067
qwen3vl-8b-raw,L,6000,pre_llm,proprio_seq_dtw,25,0.03049,0.02725
qwen3vl-8b-raw,L,6000,pre_llm,proprio_seq_dtw,40,0.037042,0.032417
qwen3vl-8b-raw,L,6000,pre_llm,proprio_seq_dtw,75,0.050069,0.0416
qwen3vl-8b-raw,L,6000,pre_llm,proprio_seq_dtw,110,0.063785,0.049767
qwen3vl-8b-raw,L,6000,pre_llm,proprio_seq_dtw,150,0.07559,0.056683
qwen3vl-8b-raw,L,6000,pre_llm,proprio_seq_dtw,220,0.088783,0.06555
qwen3vl-8b-raw,L,6000,pre_llm_txt,proprio_seq_dtw,1,0.00811,0.008583
qwen3vl-8b-raw,L,6000,pre_llm_txt,proprio_seq_dtw,3,0.008157,0.00865
qwen3vl-8b-raw,L,6000,pre_llm_txt,proprio_seq_dtw,7,0.008957,0.009083
qwen3vl-8b-raw,L,6000,pre_llm_txt,proprio_seq_dtw,15,0.010166,0.009983
qwen3vl-8b-raw,L,6000,pre_llm_txt,proprio_seq_dtw,25,0.011212,0.01075
qwen3vl-8b-raw,L,6000,pre_llm_txt,proprio_seq_dtw,40,0.013692,0.01285
qwen3vl-8b-raw,L,6000,pre_llm_txt,proprio_seq_dtw,75,0.019185,0.016617
qwen3vl-8b-raw,L,6000,pre_llm_txt,proprio_seq_dtw,110,0.024031,0.020067
qwen3vl-8b-raw,L,6000,pre_llm_txt,proprio_seq_dtw,150,0.02849,0.02305
qwen3vl-8b-raw,L,6000,pre_llm_txt,proprio_seq_dtw,220,0.033853,0.0265
qwen3vl-8b-raw,L,6000,pre_llm_vt,proprio_seq_dtw,1,0.02372,0.022217
qwen3vl-8b-raw,L,6000,pre_llm_vt,proprio_seq_dtw,3,0.023302,0.0224
qwen3vl-8b-raw,L,6000,pre_llm_vt,proprio_seq_dtw,7,0.024655,0.023317
qwen3vl-8b-raw,L,6000,pre_llm_vt,proprio_seq_dtw,15,0.027859,0.025217
qwen3vl-8b-raw,L,6000,pre_llm_vt,proprio_seq_dtw,25,0.030737,0.027367
qwen3vl-8b-raw,L,6000,pre_llm_vt,proprio_seq_dtw,40,0.037299,0.032517
qwen3vl-8b-raw,L,6000,pre_llm_vt,proprio_seq_dtw,75,0.050218,0.041583
qwen3vl-8b-raw,L,6000,pre_llm_vt,proprio_seq_dtw,110,0.064397,0.049733
qwen3vl-8b-raw,L,6000,pre_llm_vt,proprio_seq_dtw,150,0.075829,0.056767
qwen3vl-8b-raw,L,6000,pre_llm_vt,proprio_seq_dtw,220,0.088548,0.06545
qwen3vl-8b-raw,L,6000,img,proprio_seq_dtw,1,0.022971,0.02105
qwen3vl-8b-raw,L,6000,img,proprio_seq_dtw,3,0.02271,0.021267
qwen3vl-8b-raw,L,6000,img,proprio_seq_dtw,7,0.024032,0.0221
qwen3vl-8b-raw,L,6000,img,proprio_seq_dtw,15,0.026095,0.023783
qwen3vl-8b-raw,L,6000,img,proprio_seq_dtw,25,0.028681,0.025683
qwen3vl-8b-raw,L,6000,img,proprio_seq_dtw,40,0.036062,0.0302
qwen3vl-8b-raw,L,6000,img,proprio_seq_dtw,75,0.048365,0.0388
qwen3vl-8b-raw,L,6000,img,proprio_seq_dtw,110,0.059643,0.045767
qwen3vl-8b-raw,L,6000,img,proprio_seq_dtw,150,0.070663,0.05225
qwen3vl-8b-raw,L,6000,img,proprio_seq_dtw,220,0.081785,0.059267
qwen3vl-8b-raw,L,6000,txt,proprio_seq_dtw,1,0.012874,0.012783
qwen3vl-8b-raw,L,6000,txt,proprio_seq_dtw,3,0.01328,0.01285
qwen3vl-8b-raw,L,6000,txt,proprio_seq_dtw,7,0.013624,0.013467
qwen3vl-8b-raw,L,6000,txt,proprio_seq_dtw,15,0.015724,0.014817
qwen3vl-8b-raw,L,6000,txt,proprio_seq_dtw,25,0.016241,0.015817
qwen3vl-8b-raw,L,6000,txt,proprio_seq_dtw,40,0.020956,0.018467
qwen3vl-8b-raw,L,6000,txt,proprio_seq_dtw,75,0.027532,0.022733
qwen3vl-8b-raw,L,6000,txt,proprio_seq_dtw,110,0.035635,0.028117
qwen3vl-8b-raw,L,6000,txt,proprio_seq_dtw,150,0.040806,0.03185
qwen3vl-8b-raw,L,6000,txt,proprio_seq_dtw,220,0.048156,0.037833
qwen3vl-8b-raw,L,6000,imgtext,proprio_seq_dtw,1,0.019393,0.017967
qwen3vl-8b-raw,L,6000,imgtext,proprio_seq_dtw,3,0.019465,0.018167
qwen3vl-8b-raw,L,6000,imgtext,proprio_seq_dtw,7,0.02045,0.018733
qwen3vl-8b-raw,L,6000,imgtext,proprio_seq_dtw,15,0.022473,0.0204
qwen3vl-8b-raw,L,6000,imgtext,proprio_seq_dtw,25,0.025312,0.021867
qwen3vl-8b-raw,L,6000,imgtext,proprio_seq_dtw,40,0.030476,0.02555
qwen3vl-8b-raw,L,6000,imgtext,proprio_seq_dtw,75,0.04176,0.033417
qwen3vl-8b-raw,L,6000,imgtext,proprio_seq_dtw,110,0.053027,0.039983
qwen3vl-8b-raw,L,6000,imgtext,proprio_seq_dtw,150,0.062353,0.0453
qwen3vl-8b-raw,L,6000,imgtext,proprio_seq_dtw,220,0.074288,0.05245
