model,feature_source,vlm_variant_used,horizon,cknna_k10,robotwin_sr_easy,robotwin_sr_hard,robotwin_sr_avg
lingbot-va-posttrain-robotwin,V-D1,,1,0.003326,92.9,91.6,92.25
motus-robotwin2-lingbot,V-D1,,1,0.008078,88.7,87.0,87.85
xvla-robotwin2,V-D1,imgtext,1,0.027974,72.9,72.8,72.85
Qwen3VL-OFT-Robotwin2,V-D1,imgtext,1,0.023777,50.38,,50.38
abot-m0-robotwin2,V-D1,imgtext,1,0.024561,80.42,81.16,80.79
vidar_3cam_modeB,V-D1,,1,0.005158,65.8,17.5,41.65
lingbot-va-posttrain-robotwin,V-D1,,3,0.003329,92.9,91.6,92.25
motus-robotwin2-lingbot,V-D1,,3,0.008205,88.7,87.0,87.85
xvla-robotwin2,V-D1,imgtext,3,0.028085,72.9,72.8,72.85
Qwen3VL-OFT-Robotwin2,V-D1,imgtext,3,0.023804,50.38,,50.38
abot-m0-robotwin2,V-D1,imgtext,3,0.024935,80.42,81.16,80.79
vidar_3cam_modeB,V-D1,,3,0.005017,65.8,17.5,41.65
lingbot-va-posttrain-robotwin,V-D1,,7,0.003474,92.9,91.6,92.25
motus-robotwin2-lingbot,V-D1,,7,0.008251,88.7,87.0,87.85
xvla-robotwin2,V-D1,imgtext,7,0.030164,72.9,72.8,72.85
Qwen3VL-OFT-Robotwin2,V-D1,imgtext,7,0.024785,50.38,,50.38
abot-m0-robotwin2,V-D1,imgtext,7,0.026629,80.42,81.16,80.79
vidar_3cam_modeB,V-D1,,7,0.005123,65.8,17.5,41.65
lingbot-va-posttrain-robotwin,V-D1,,15,0.004059,92.9,91.6,92.25
motus-robotwin2-lingbot,V-D1,,15,0.009325,88.7,87.0,87.85
xvla-robotwin2,V-D1,imgtext,15,0.033544,72.9,72.8,72.85
Qwen3VL-OFT-Robotwin2,V-D1,imgtext,15,0.027887,50.38,,50.38
abot-m0-robotwin2,V-D1,imgtext,15,0.028972,80.42,81.16,80.79
vidar_3cam_modeB,V-D1,,15,0.005590,65.8,17.5,41.65
lingbot-va-posttrain-robotwin,V-D1,,25,0.005640,92.9,91.6,92.25
motus-robotwin2-lingbot,V-D1,,25,0.011331,88.7,87.0,87.85
xvla-robotwin2,V-D1,imgtext,25,0.036773,72.9,72.8,72.85
Qwen3VL-OFT-Robotwin2,V-D1,imgtext,25,0.030515,50.38,,50.38
abot-m0-robotwin2,V-D1,imgtext,25,0.032086,80.42,81.16,80.79
vidar_3cam_modeB,V-D1,,25,0.005672,65.8,17.5,41.65
lingbot-va-posttrain-robotwin,V-D1,,40,0.006107,92.9,91.6,92.25
motus-robotwin2-lingbot,V-D1,,40,0.013332,88.7,87.0,87.85
xvla-robotwin2,V-D1,imgtext,40,0.043632,72.9,72.8,72.85
Qwen3VL-OFT-Robotwin2,V-D1,imgtext,40,0.037335,50.38,,50.38
abot-m0-robotwin2,V-D1,imgtext,40,0.038159,80.42,81.16,80.79
vidar_3cam_modeB,V-D1,,40,0.006333,65.8,17.5,41.65
lingbot-va-posttrain-robotwin,V-D1,,75,0.006485,92.9,91.6,92.25
motus-robotwin2-lingbot,V-D1,,75,0.017656,88.7,87.0,87.85
xvla-robotwin2,V-D1,imgtext,75,0.057561,72.9,72.8,72.85
Qwen3VL-OFT-Robotwin2,V-D1,imgtext,75,0.049523,50.38,,50.38
abot-m0-robotwin2,V-D1,imgtext,75,0.049968,80.42,81.16,80.79
vidar_3cam_modeB,V-D1,,75,0.008558,65.8,17.5,41.65
lingbot-va-posttrain-robotwin,V-D1,,110,0.008045,92.9,91.6,92.25
motus-robotwin2-lingbot,V-D1,,110,0.021841,88.7,87.0,87.85
xvla-robotwin2,V-D1,imgtext,110,0.069072,72.9,72.8,72.85
Qwen3VL-OFT-Robotwin2,V-D1,imgtext,110,0.061125,50.38,,50.38
abot-m0-robotwin2,V-D1,imgtext,110,0.062665,80.42,81.16,80.79
vidar_3cam_modeB,V-D1,,110,0.010420,65.8,17.5,41.65
lingbot-va-posttrain-robotwin,V-D1,,150,0.009861,92.9,91.6,92.25
motus-robotwin2-lingbot,V-D1,,150,0.023598,88.7,87.0,87.85
xvla-robotwin2,V-D1,imgtext,150,0.078711,72.9,72.8,72.85
Qwen3VL-OFT-Robotwin2,V-D1,imgtext,150,0.072623,50.38,,50.38
abot-m0-robotwin2,V-D1,imgtext,150,0.074039,80.42,81.16,80.79
vidar_3cam_modeB,V-D1,,150,0.011299,65.8,17.5,41.65
lingbot-va-posttrain-robotwin,V-D1,,220,0.011546,92.9,91.6,92.25
motus-robotwin2-lingbot,V-D1,,220,0.028440,88.7,87.0,87.85
xvla-robotwin2,V-D1,imgtext,220,0.091810,72.9,72.8,72.85
Qwen3VL-OFT-Robotwin2,V-D1,imgtext,220,0.085443,50.38,,50.38
abot-m0-robotwin2,V-D1,imgtext,220,0.086349,80.42,81.16,80.79
vidar_3cam_modeB,V-D1,,220,0.012864,65.8,17.5,41.65
lingbot-va-posttrain-robotwin,V-B0,,1,0.004581,92.9,91.6,92.25
motus-robotwin2-lingbot,V-B0,,1,0.010418,88.7,87.0,87.85
xvla-robotwin2,V-B0,imgtext,1,0.027974,72.9,72.8,72.85
Qwen3VL-OFT-Robotwin2,V-B0,imgtext,1,0.023777,50.38,,50.38
abot-m0-robotwin2,V-B0,imgtext,1,0.024561,80.42,81.16,80.79
vidar_3cam_modeB,V-B0,,1,0.005283,65.8,17.5,41.65
lingbot-va-posttrain-robotwin,V-B0,,3,0.004586,92.9,91.6,92.25
motus-robotwin2-lingbot,V-B0,,3,0.010605,88.7,87.0,87.85
xvla-robotwin2,V-B0,imgtext,3,0.028085,72.9,72.8,72.85
Qwen3VL-OFT-Robotwin2,V-B0,imgtext,3,0.023804,50.38,,50.38
abot-m0-robotwin2,V-B0,imgtext,3,0.024935,80.42,81.16,80.79
vidar_3cam_modeB,V-B0,,3,0.005360,65.8,17.5,41.65
lingbot-va-posttrain-robotwin,V-B0,,7,0.004739,92.9,91.6,92.25
motus-robotwin2-lingbot,V-B0,,7,0.010367,88.7,87.0,87.85
xvla-robotwin2,V-B0,imgtext,7,0.030164,72.9,72.8,72.85
Qwen3VL-OFT-Robotwin2,V-B0,imgtext,7,0.024785,50.38,,50.38
abot-m0-robotwin2,V-B0,imgtext,7,0.026629,80.42,81.16,80.79
vidar_3cam_modeB,V-B0,,7,0.005755,65.8,17.5,41.65
lingbot-va-posttrain-robotwin,V-B0,,15,0.005093,92.9,91.6,92.25
motus-robotwin2-lingbot,V-B0,,15,0.012088,88.7,87.0,87.85
xvla-robotwin2,V-B0,imgtext,15,0.033544,72.9,72.8,72.85
Qwen3VL-OFT-Robotwin2,V-B0,imgtext,15,0.027887,50.38,,50.38
abot-m0-robotwin2,V-B0,imgtext,15,0.028972,80.42,81.16,80.79
vidar_3cam_modeB,V-B0,,15,0.006313,65.8,17.5,41.65
lingbot-va-posttrain-robotwin,V-B0,,25,0.006448,92.9,91.6,92.25
motus-robotwin2-lingbot,V-B0,,25,0.014115,88.7,87.0,87.85
xvla-robotwin2,V-B0,imgtext,25,0.036773,72.9,72.8,72.85
Qwen3VL-OFT-Robotwin2,V-B0,imgtext,25,0.030515,50.38,,50.38
abot-m0-robotwin2,V-B0,imgtext,25,0.032086,80.42,81.16,80.79
vidar_3cam_modeB,V-B0,,25,0.007331,65.8,17.5,41.65
lingbot-va-posttrain-robotwin,V-B0,,40,0.007285,92.9,91.6,92.25
motus-robotwin2-lingbot,V-B0,,40,0.016398,88.7,87.0,87.85
xvla-robotwin2,V-B0,imgtext,40,0.043632,72.9,72.8,72.85
Qwen3VL-OFT-Robotwin2,V-B0,imgtext,40,0.037335,50.38,,50.38
abot-m0-robotwin2,V-B0,imgtext,40,0.038159,80.42,81.16,80.79
vidar_3cam_modeB,V-B0,,40,0.007813,65.8,17.5,41.65
lingbot-va-posttrain-robotwin,V-B0,,75,0.008473,92.9,91.6,92.25
motus-robotwin2-lingbot,V-B0,,75,0.021819,88.7,87.0,87.85
xvla-robotwin2,V-B0,imgtext,75,0.057561,72.9,72.8,72.85
Qwen3VL-OFT-Robotwin2,V-B0,imgtext,75,0.049523,50.38,,50.38
abot-m0-robotwin2,V-B0,imgtext,75,0.049968,80.42,81.16,80.79
vidar_3cam_modeB,V-B0,,75,0.010054,65.8,17.5,41.65
lingbot-va-posttrain-robotwin,V-B0,,110,0.010765,92.9,91.6,92.25
motus-robotwin2-lingbot,V-B0,,110,0.027319,88.7,87.0,87.85
xvla-robotwin2,V-B0,imgtext,110,0.069072,72.9,72.8,72.85
Qwen3VL-OFT-Robotwin2,V-B0,imgtext,110,0.061125,50.38,,50.38
abot-m0-robotwin2,V-B0,imgtext,110,0.062665,80.42,81.16,80.79
vidar_3cam_modeB,V-B0,,110,0.011047,65.8,17.5,41.65
lingbot-va-posttrain-robotwin,V-B0,,150,0.013386,92.9,91.6,92.25
motus-robotwin2-lingbot,V-B0,,150,0.029044,88.7,87.0,87.85
xvla-robotwin2,V-B0,imgtext,150,0.078711,72.9,72.8,72.85
Qwen3VL-OFT-Robotwin2,V-B0,imgtext,150,0.072623,50.38,,50.38
abot-m0-robotwin2,V-B0,imgtext,150,0.074039,80.42,81.16,80.79
vidar_3cam_modeB,V-B0,,150,0.012396,65.8,17.5,41.65
lingbot-va-posttrain-robotwin,V-B0,,220,0.015160,92.9,91.6,92.25
motus-robotwin2-lingbot,V-B0,,220,0.036370,88.7,87.0,87.85
xvla-robotwin2,V-B0,imgtext,220,0.091810,72.9,72.8,72.85
Qwen3VL-OFT-Robotwin2,V-B0,imgtext,220,0.085443,50.38,,50.38
abot-m0-robotwin2,V-B0,imgtext,220,0.086349,80.42,81.16,80.79
vidar_3cam_modeB,V-B0,,220,0.013191,65.8,17.5,41.65
lingbot-va-posttrain-robotwin,V-B7,,1,0.007088,92.9,91.6,92.25
motus-robotwin2-lingbot,V-B7,,1,0.014501,88.7,87.0,87.85
xvla-robotwin2,V-B7,imgtext,1,0.027974,72.9,72.8,72.85
Qwen3VL-OFT-Robotwin2,V-B7,imgtext,1,0.023777,50.38,,50.38
abot-m0-robotwin2,V-B7,imgtext,1,0.024561,80.42,81.16,80.79
vidar_3cam_modeB,V-B7,,1,0.008194,65.8,17.5,41.65
lingbot-va-posttrain-robotwin,V-B7,,3,0.007158,92.9,91.6,92.25
motus-robotwin2-lingbot,V-B7,,3,0.014633,88.7,87.0,87.85
xvla-robotwin2,V-B7,imgtext,3,0.028085,72.9,72.8,72.85
Qwen3VL-OFT-Robotwin2,V-B7,imgtext,3,0.023804,50.38,,50.38
abot-m0-robotwin2,V-B7,imgtext,3,0.024935,80.42,81.16,80.79
vidar_3cam_modeB,V-B7,,3,0.008416,65.8,17.5,41.65
lingbot-va-posttrain-robotwin,V-B7,,7,0.007582,92.9,91.6,92.25
motus-robotwin2-lingbot,V-B7,,7,0.015138,88.7,87.0,87.85
xvla-robotwin2,V-B7,imgtext,7,0.030164,72.9,72.8,72.85
Qwen3VL-OFT-Robotwin2,V-B7,imgtext,7,0.024785,50.38,,50.38
abot-m0-robotwin2,V-B7,imgtext,7,0.026629,80.42,81.16,80.79
vidar_3cam_modeB,V-B7,,7,0.008538,65.8,17.5,41.65
lingbot-va-posttrain-robotwin,V-B7,,15,0.008056,92.9,91.6,92.25
motus-robotwin2-lingbot,V-B7,,15,0.017278,88.7,87.0,87.85
xvla-robotwin2,V-B7,imgtext,15,0.033544,72.9,72.8,72.85
Qwen3VL-OFT-Robotwin2,V-B7,imgtext,15,0.027887,50.38,,50.38
abot-m0-robotwin2,V-B7,imgtext,15,0.028972,80.42,81.16,80.79
vidar_3cam_modeB,V-B7,,15,0.009956,65.8,17.5,41.65
lingbot-va-posttrain-robotwin,V-B7,,25,0.009420,92.9,91.6,92.25
motus-robotwin2-lingbot,V-B7,,25,0.019598,88.7,87.0,87.85
xvla-robotwin2,V-B7,imgtext,25,0.036773,72.9,72.8,72.85
Qwen3VL-OFT-Robotwin2,V-B7,imgtext,25,0.030515,50.38,,50.38
abot-m0-robotwin2,V-B7,imgtext,25,0.032086,80.42,81.16,80.79
vidar_3cam_modeB,V-B7,,25,0.010994,65.8,17.5,41.65
lingbot-va-posttrain-robotwin,V-B7,,40,0.010563,92.9,91.6,92.25
motus-robotwin2-lingbot,V-B7,,40,0.023132,88.7,87.0,87.85
xvla-robotwin2,V-B7,imgtext,40,0.043632,72.9,72.8,72.85
Qwen3VL-OFT-Robotwin2,V-B7,imgtext,40,0.037335,50.38,,50.38
abot-m0-robotwin2,V-B7,imgtext,40,0.038159,80.42,81.16,80.79
vidar_3cam_modeB,V-B7,,40,0.012146,65.8,17.5,41.65
lingbot-va-posttrain-robotwin,V-B7,,75,0.012575,92.9,91.6,92.25
motus-robotwin2-lingbot,V-B7,,75,0.030961,88.7,87.0,87.85
xvla-robotwin2,V-B7,imgtext,75,0.057561,72.9,72.8,72.85
Qwen3VL-OFT-Robotwin2,V-B7,imgtext,75,0.049523,50.38,,50.38
abot-m0-robotwin2,V-B7,imgtext,75,0.049968,80.42,81.16,80.79
vidar_3cam_modeB,V-B7,,75,0.015676,65.8,17.5,41.65
lingbot-va-posttrain-robotwin,V-B7,,110,0.016105,92.9,91.6,92.25
motus-robotwin2-lingbot,V-B7,,110,0.038501,88.7,87.0,87.85
xvla-robotwin2,V-B7,imgtext,110,0.069072,72.9,72.8,72.85
Qwen3VL-OFT-Robotwin2,V-B7,imgtext,110,0.061125,50.38,,50.38
abot-m0-robotwin2,V-B7,imgtext,110,0.062665,80.42,81.16,80.79
vidar_3cam_modeB,V-B7,,110,0.018707,65.8,17.5,41.65
lingbot-va-posttrain-robotwin,V-B7,,150,0.019753,92.9,91.6,92.25
motus-robotwin2-lingbot,V-B7,,150,0.042521,88.7,87.0,87.85
xvla-robotwin2,V-B7,imgtext,150,0.078711,72.9,72.8,72.85
Qwen3VL-OFT-Robotwin2,V-B7,imgtext,150,0.072623,50.38,,50.38
abot-m0-robotwin2,V-B7,imgtext,150,0.074039,80.42,81.16,80.79
vidar_3cam_modeB,V-B7,,150,0.021192,65.8,17.5,41.65
lingbot-va-posttrain-robotwin,V-B7,,220,0.022838,92.9,91.6,92.25
motus-robotwin2-lingbot,V-B7,,220,0.051707,88.7,87.0,87.85
xvla-robotwin2,V-B7,imgtext,220,0.091810,72.9,72.8,72.85
Qwen3VL-OFT-Robotwin2,V-B7,imgtext,220,0.085443,50.38,,50.38
abot-m0-robotwin2,V-B7,imgtext,220,0.086349,80.42,81.16,80.79
vidar_3cam_modeB,V-B7,,220,0.023172,65.8,17.5,41.65
lingbot-va-posttrain-robotwin,V-B14,,1,0.008694,92.9,91.6,92.25
motus-robotwin2-lingbot,V-B14,,1,0.016442,88.7,87.0,87.85
xvla-robotwin2,V-B14,imgtext,1,0.027974,72.9,72.8,72.85
Qwen3VL-OFT-Robotwin2,V-B14,imgtext,1,0.023777,50.38,,50.38
abot-m0-robotwin2,V-B14,imgtext,1,0.024561,80.42,81.16,80.79
vidar_3cam_modeB,V-B14,,1,0.007498,65.8,17.5,41.65
lingbot-va-posttrain-robotwin,V-B14,,3,0.008702,92.9,91.6,92.25
motus-robotwin2-lingbot,V-B14,,3,0.016395,88.7,87.0,87.85
xvla-robotwin2,V-B14,imgtext,3,0.028085,72.9,72.8,72.85
Qwen3VL-OFT-Robotwin2,V-B14,imgtext,3,0.023804,50.38,,50.38
abot-m0-robotwin2,V-B14,imgtext,3,0.024935,80.42,81.16,80.79
vidar_3cam_modeB,V-B14,,3,0.007793,65.8,17.5,41.65
lingbot-va-posttrain-robotwin,V-B14,,7,0.008692,92.9,91.6,92.25
motus-robotwin2-lingbot,V-B14,,7,0.016983,88.7,87.0,87.85
xvla-robotwin2,V-B14,imgtext,7,0.030164,72.9,72.8,72.85
Qwen3VL-OFT-Robotwin2,V-B14,imgtext,7,0.024785,50.38,,50.38
abot-m0-robotwin2,V-B14,imgtext,7,0.026629,80.42,81.16,80.79
vidar_3cam_modeB,V-B14,,7,0.007983,65.8,17.5,41.65
lingbot-va-posttrain-robotwin,V-B14,,15,0.009378,92.9,91.6,92.25
motus-robotwin2-lingbot,V-B14,,15,0.019081,88.7,87.0,87.85
xvla-robotwin2,V-B14,imgtext,15,0.033544,72.9,72.8,72.85
Qwen3VL-OFT-Robotwin2,V-B14,imgtext,15,0.027887,50.38,,50.38
abot-m0-robotwin2,V-B14,imgtext,15,0.028972,80.42,81.16,80.79
vidar_3cam_modeB,V-B14,,15,0.009247,65.8,17.5,41.65
lingbot-va-posttrain-robotwin,V-B14,,25,0.011177,92.9,91.6,92.25
motus-robotwin2-lingbot,V-B14,,25,0.021811,88.7,87.0,87.85
xvla-robotwin2,V-B14,imgtext,25,0.036773,72.9,72.8,72.85
Qwen3VL-OFT-Robotwin2,V-B14,imgtext,25,0.030515,50.38,,50.38
abot-m0-robotwin2,V-B14,imgtext,25,0.032086,80.42,81.16,80.79
vidar_3cam_modeB,V-B14,,25,0.010493,65.8,17.5,41.65
lingbot-va-posttrain-robotwin,V-B14,,40,0.012920,92.9,91.6,92.25
motus-robotwin2-lingbot,V-B14,,40,0.025557,88.7,87.0,87.85
xvla-robotwin2,V-B14,imgtext,40,0.043632,72.9,72.8,72.85
Qwen3VL-OFT-Robotwin2,V-B14,imgtext,40,0.037335,50.38,,50.38
abot-m0-robotwin2,V-B14,imgtext,40,0.038159,80.42,81.16,80.79
vidar_3cam_modeB,V-B14,,40,0.011786,65.8,17.5,41.65
lingbot-va-posttrain-robotwin,V-B14,,75,0.015047,92.9,91.6,92.25
motus-robotwin2-lingbot,V-B14,,75,0.034527,88.7,87.0,87.85
xvla-robotwin2,V-B14,imgtext,75,0.057561,72.9,72.8,72.85
Qwen3VL-OFT-Robotwin2,V-B14,imgtext,75,0.049523,50.38,,50.38
abot-m0-robotwin2,V-B14,imgtext,75,0.049968,80.42,81.16,80.79
vidar_3cam_modeB,V-B14,,75,0.015058,65.8,17.5,41.65
lingbot-va-posttrain-robotwin,V-B14,,110,0.019842,92.9,91.6,92.25
motus-robotwin2-lingbot,V-B14,,110,0.042334,88.7,87.0,87.85
xvla-robotwin2,V-B14,imgtext,110,0.069072,72.9,72.8,72.85
Qwen3VL-OFT-Robotwin2,V-B14,imgtext,110,0.061125,50.38,,50.38
abot-m0-robotwin2,V-B14,imgtext,110,0.062665,80.42,81.16,80.79
vidar_3cam_modeB,V-B14,,110,0.017990,65.8,17.5,41.65
lingbot-va-posttrain-robotwin,V-B14,,150,0.023834,92.9,91.6,92.25
motus-robotwin2-lingbot,V-B14,,150,0.047663,88.7,87.0,87.85
xvla-robotwin2,V-B14,imgtext,150,0.078711,72.9,72.8,72.85
Qwen3VL-OFT-Robotwin2,V-B14,imgtext,150,0.072623,50.38,,50.38
abot-m0-robotwin2,V-B14,imgtext,150,0.074039,80.42,81.16,80.79
vidar_3cam_modeB,V-B14,,150,0.020017,65.8,17.5,41.65
lingbot-va-posttrain-robotwin,V-B14,,220,0.027484,92.9,91.6,92.25
motus-robotwin2-lingbot,V-B14,,220,0.058182,88.7,87.0,87.85
xvla-robotwin2,V-B14,imgtext,220,0.091810,72.9,72.8,72.85
Qwen3VL-OFT-Robotwin2,V-B14,imgtext,220,0.085443,50.38,,50.38
abot-m0-robotwin2,V-B14,imgtext,220,0.086349,80.42,81.16,80.79
vidar_3cam_modeB,V-B14,,220,0.021584,65.8,17.5,41.65
lingbot-va-posttrain-robotwin,V-B21,,1,0.006013,92.9,91.6,92.25
motus-robotwin2-lingbot,V-B21,,1,0.014447,88.7,87.0,87.85
xvla-robotwin2,V-B21,imgtext,1,0.027974,72.9,72.8,72.85
Qwen3VL-OFT-Robotwin2,V-B21,imgtext,1,0.023777,50.38,,50.38
abot-m0-robotwin2,V-B21,imgtext,1,0.024561,80.42,81.16,80.79
vidar_3cam_modeB,V-B21,,1,0.007721,65.8,17.5,41.65
lingbot-va-posttrain-robotwin,V-B21,,3,0.005893,92.9,91.6,92.25
motus-robotwin2-lingbot,V-B21,,3,0.014520,88.7,87.0,87.85
xvla-robotwin2,V-B21,imgtext,3,0.028085,72.9,72.8,72.85
Qwen3VL-OFT-Robotwin2,V-B21,imgtext,3,0.023804,50.38,,50.38
abot-m0-robotwin2,V-B21,imgtext,3,0.024935,80.42,81.16,80.79
vidar_3cam_modeB,V-B21,,3,0.007869,65.8,17.5,41.65
lingbot-va-posttrain-robotwin,V-B21,,7,0.006306,92.9,91.6,92.25
motus-robotwin2-lingbot,V-B21,,7,0.015026,88.7,87.0,87.85
xvla-robotwin2,V-B21,imgtext,7,0.030164,72.9,72.8,72.85
Qwen3VL-OFT-Robotwin2,V-B21,imgtext,7,0.024785,50.38,,50.38
abot-m0-robotwin2,V-B21,imgtext,7,0.026629,80.42,81.16,80.79
vidar_3cam_modeB,V-B21,,7,0.007842,65.8,17.5,41.65
lingbot-va-posttrain-robotwin,V-B21,,15,0.006494,92.9,91.6,92.25
motus-robotwin2-lingbot,V-B21,,15,0.016987,88.7,87.0,87.85
xvla-robotwin2,V-B21,imgtext,15,0.033544,72.9,72.8,72.85
Qwen3VL-OFT-Robotwin2,V-B21,imgtext,15,0.027887,50.38,,50.38
abot-m0-robotwin2,V-B21,imgtext,15,0.028972,80.42,81.16,80.79
vidar_3cam_modeB,V-B21,,15,0.009302,65.8,17.5,41.65
lingbot-va-posttrain-robotwin,V-B21,,25,0.008397,92.9,91.6,92.25
motus-robotwin2-lingbot,V-B21,,25,0.019117,88.7,87.0,87.85
xvla-robotwin2,V-B21,imgtext,25,0.036773,72.9,72.8,72.85
Qwen3VL-OFT-Robotwin2,V-B21,imgtext,25,0.030515,50.38,,50.38
abot-m0-robotwin2,V-B21,imgtext,25,0.032086,80.42,81.16,80.79
vidar_3cam_modeB,V-B21,,25,0.010308,65.8,17.5,41.65
lingbot-va-posttrain-robotwin,V-B21,,40,0.009291,92.9,91.6,92.25
motus-robotwin2-lingbot,V-B21,,40,0.022583,88.7,87.0,87.85
xvla-robotwin2,V-B21,imgtext,40,0.043632,72.9,72.8,72.85
Qwen3VL-OFT-Robotwin2,V-B21,imgtext,40,0.037335,50.38,,50.38
abot-m0-robotwin2,V-B21,imgtext,40,0.038159,80.42,81.16,80.79
vidar_3cam_modeB,V-B21,,40,0.011812,65.8,17.5,41.65
lingbot-va-posttrain-robotwin,V-B21,,75,0.011869,92.9,91.6,92.25
motus-robotwin2-lingbot,V-B21,,75,0.031587,88.7,87.0,87.85
xvla-robotwin2,V-B21,imgtext,75,0.057561,72.9,72.8,72.85
Qwen3VL-OFT-Robotwin2,V-B21,imgtext,75,0.049523,50.38,,50.38
abot-m0-robotwin2,V-B21,imgtext,75,0.049968,80.42,81.16,80.79
vidar_3cam_modeB,V-B21,,75,0.014549,65.8,17.5,41.65
lingbot-va-posttrain-robotwin,V-B21,,110,0.014678,92.9,91.6,92.25
motus-robotwin2-lingbot,V-B21,,110,0.037826,88.7,87.0,87.85
xvla-robotwin2,V-B21,imgtext,110,0.069072,72.9,72.8,72.85
Qwen3VL-OFT-Robotwin2,V-B21,imgtext,110,0.061125,50.38,,50.38
abot-m0-robotwin2,V-B21,imgtext,110,0.062665,80.42,81.16,80.79
vidar_3cam_modeB,V-B21,,110,0.016253,65.8,17.5,41.65
lingbot-va-posttrain-robotwin,V-B21,,150,0.017865,92.9,91.6,92.25
motus-robotwin2-lingbot,V-B21,,150,0.043232,88.7,87.0,87.85
xvla-robotwin2,V-B21,imgtext,150,0.078711,72.9,72.8,72.85
Qwen3VL-OFT-Robotwin2,V-B21,imgtext,150,0.072623,50.38,,50.38
abot-m0-robotwin2,V-B21,imgtext,150,0.074039,80.42,81.16,80.79
vidar_3cam_modeB,V-B21,,150,0.018714,65.8,17.5,41.65
lingbot-va-posttrain-robotwin,V-B21,,220,0.020127,92.9,91.6,92.25
motus-robotwin2-lingbot,V-B21,,220,0.053632,88.7,87.0,87.85
xvla-robotwin2,V-B21,imgtext,220,0.091810,72.9,72.8,72.85
Qwen3VL-OFT-Robotwin2,V-B21,imgtext,220,0.085443,50.38,,50.38
abot-m0-robotwin2,V-B21,imgtext,220,0.086349,80.42,81.16,80.79
vidar_3cam_modeB,V-B21,,220,0.019945,65.8,17.5,41.65
lingbot-va-posttrain-robotwin,V-B29,,1,0.005377,92.9,91.6,92.25
motus-robotwin2-lingbot,V-B29,,1,0.015820,88.7,87.0,87.85
xvla-robotwin2,V-B29,imgtext,1,0.027974,72.9,72.8,72.85
Qwen3VL-OFT-Robotwin2,V-B29,imgtext,1,0.023777,50.38,,50.38
abot-m0-robotwin2,V-B29,imgtext,1,0.024561,80.42,81.16,80.79
vidar_3cam_modeB,V-B29,,1,0.005653,65.8,17.5,41.65
lingbot-va-posttrain-robotwin,V-B29,,3,0.005509,92.9,91.6,92.25
motus-robotwin2-lingbot,V-B29,,3,0.016086,88.7,87.0,87.85
xvla-robotwin2,V-B29,imgtext,3,0.028085,72.9,72.8,72.85
Qwen3VL-OFT-Robotwin2,V-B29,imgtext,3,0.023804,50.38,,50.38
abot-m0-robotwin2,V-B29,imgtext,3,0.024935,80.42,81.16,80.79
vidar_3cam_modeB,V-B29,,3,0.005581,65.8,17.5,41.65
lingbot-va-posttrain-robotwin,V-B29,,7,0.005541,92.9,91.6,92.25
motus-robotwin2-lingbot,V-B29,,7,0.017068,88.7,87.0,87.85
xvla-robotwin2,V-B29,imgtext,7,0.030164,72.9,72.8,72.85
Qwen3VL-OFT-Robotwin2,V-B29,imgtext,7,0.024785,50.38,,50.38
abot-m0-robotwin2,V-B29,imgtext,7,0.026629,80.42,81.16,80.79
vidar_3cam_modeB,V-B29,,7,0.005457,65.8,17.5,41.65
lingbot-va-posttrain-robotwin,V-B29,,15,0.006240,92.9,91.6,92.25
motus-robotwin2-lingbot,V-B29,,15,0.019155,88.7,87.0,87.85
xvla-robotwin2,V-B29,imgtext,15,0.033544,72.9,72.8,72.85
Qwen3VL-OFT-Robotwin2,V-B29,imgtext,15,0.027887,50.38,,50.38
abot-m0-robotwin2,V-B29,imgtext,15,0.028972,80.42,81.16,80.79
vidar_3cam_modeB,V-B29,,15,0.006598,65.8,17.5,41.65
lingbot-va-posttrain-robotwin,V-B29,,25,0.007771,92.9,91.6,92.25
motus-robotwin2-lingbot,V-B29,,25,0.021565,88.7,87.0,87.85
xvla-robotwin2,V-B29,imgtext,25,0.036773,72.9,72.8,72.85
Qwen3VL-OFT-Robotwin2,V-B29,imgtext,25,0.030515,50.38,,50.38
abot-m0-robotwin2,V-B29,imgtext,25,0.032086,80.42,81.16,80.79
vidar_3cam_modeB,V-B29,,25,0.007439,65.8,17.5,41.65
lingbot-va-posttrain-robotwin,V-B29,,40,0.008518,92.9,91.6,92.25
motus-robotwin2-lingbot,V-B29,,40,0.024842,88.7,87.0,87.85
xvla-robotwin2,V-B29,imgtext,40,0.043632,72.9,72.8,72.85
Qwen3VL-OFT-Robotwin2,V-B29,imgtext,40,0.037335,50.38,,50.38
abot-m0-robotwin2,V-B29,imgtext,40,0.038159,80.42,81.16,80.79
vidar_3cam_modeB,V-B29,,40,0.008103,65.8,17.5,41.65
lingbot-va-posttrain-robotwin,V-B29,,75,0.010000,92.9,91.6,92.25
motus-robotwin2-lingbot,V-B29,,75,0.034220,88.7,87.0,87.85
xvla-robotwin2,V-B29,imgtext,75,0.057561,72.9,72.8,72.85
Qwen3VL-OFT-Robotwin2,V-B29,imgtext,75,0.049523,50.38,,50.38
abot-m0-robotwin2,V-B29,imgtext,75,0.049968,80.42,81.16,80.79
vidar_3cam_modeB,V-B29,,75,0.009773,65.8,17.5,41.65
lingbot-va-posttrain-robotwin,V-B29,,110,0.012653,92.9,91.6,92.25
motus-robotwin2-lingbot,V-B29,,110,0.042381,88.7,87.0,87.85
xvla-robotwin2,V-B29,imgtext,110,0.069072,72.9,72.8,72.85
Qwen3VL-OFT-Robotwin2,V-B29,imgtext,110,0.061125,50.38,,50.38
abot-m0-robotwin2,V-B29,imgtext,110,0.062665,80.42,81.16,80.79
vidar_3cam_modeB,V-B29,,110,0.011357,65.8,17.5,41.65
lingbot-va-posttrain-robotwin,V-B29,,150,0.016377,92.9,91.6,92.25
motus-robotwin2-lingbot,V-B29,,150,0.048002,88.7,87.0,87.85
xvla-robotwin2,V-B29,imgtext,150,0.078711,72.9,72.8,72.85
Qwen3VL-OFT-Robotwin2,V-B29,imgtext,150,0.072623,50.38,,50.38
abot-m0-robotwin2,V-B29,imgtext,150,0.074039,80.42,81.16,80.79
vidar_3cam_modeB,V-B29,,150,0.012408,65.8,17.5,41.65
lingbot-va-posttrain-robotwin,V-B29,,220,0.018854,92.9,91.6,92.25
motus-robotwin2-lingbot,V-B29,,220,0.058558,88.7,87.0,87.85
xvla-robotwin2,V-B29,imgtext,220,0.091810,72.9,72.8,72.85
Qwen3VL-OFT-Robotwin2,V-B29,imgtext,220,0.085443,50.38,,50.38
abot-m0-robotwin2,V-B29,imgtext,220,0.086349,80.42,81.16,80.79
vidar_3cam_modeB,V-B29,,220,0.012923,65.8,17.5,41.65
lingbot-va-posttrain-robotwin,V-Norm,,1,0.005336,92.9,91.6,92.25
motus-robotwin2-lingbot,V-Norm,,1,0.016074,88.7,87.0,87.85
xvla-robotwin2,V-Norm,imgtext,1,0.027974,72.9,72.8,72.85
Qwen3VL-OFT-Robotwin2,V-Norm,imgtext,1,0.023777,50.38,,50.38
abot-m0-robotwin2,V-Norm,imgtext,1,0.024561,80.42,81.16,80.79
vidar_3cam_modeB,V-Norm,,1,0.005469,65.8,17.5,41.65
lingbot-va-posttrain-robotwin,V-Norm,,3,0.005532,92.9,91.6,92.25
motus-robotwin2-lingbot,V-Norm,,3,0.016212,88.7,87.0,87.85
xvla-robotwin2,V-Norm,imgtext,3,0.028085,72.9,72.8,72.85
Qwen3VL-OFT-Robotwin2,V-Norm,imgtext,3,0.023804,50.38,,50.38
abot-m0-robotwin2,V-Norm,imgtext,3,0.024935,80.42,81.16,80.79
vidar_3cam_modeB,V-Norm,,3,0.005395,65.8,17.5,41.65
lingbot-va-posttrain-robotwin,V-Norm,,7,0.005759,92.9,91.6,92.25
motus-robotwin2-lingbot,V-Norm,,7,0.016992,88.7,87.0,87.85
xvla-robotwin2,V-Norm,imgtext,7,0.030164,72.9,72.8,72.85
Qwen3VL-OFT-Robotwin2,V-Norm,imgtext,7,0.024785,50.38,,50.38
abot-m0-robotwin2,V-Norm,imgtext,7,0.026629,80.42,81.16,80.79
vidar_3cam_modeB,V-Norm,,7,0.005269,65.8,17.5,41.65
lingbot-va-posttrain-robotwin,V-Norm,,15,0.006266,92.9,91.6,92.25
motus-robotwin2-lingbot,V-Norm,,15,0.018859,88.7,87.0,87.85
xvla-robotwin2,V-Norm,imgtext,15,0.033544,72.9,72.8,72.85
Qwen3VL-OFT-Robotwin2,V-Norm,imgtext,15,0.027887,50.38,,50.38
abot-m0-robotwin2,V-Norm,imgtext,15,0.028972,80.42,81.16,80.79
vidar_3cam_modeB,V-Norm,,15,0.006258,65.8,17.5,41.65
lingbot-va-posttrain-robotwin,V-Norm,,25,0.008075,92.9,91.6,92.25
motus-robotwin2-lingbot,V-Norm,,25,0.020903,88.7,87.0,87.85
xvla-robotwin2,V-Norm,imgtext,25,0.036773,72.9,72.8,72.85
Qwen3VL-OFT-Robotwin2,V-Norm,imgtext,25,0.030515,50.38,,50.38
abot-m0-robotwin2,V-Norm,imgtext,25,0.032086,80.42,81.16,80.79
vidar_3cam_modeB,V-Norm,,25,0.007179,65.8,17.5,41.65
lingbot-va-posttrain-robotwin,V-Norm,,40,0.009044,92.9,91.6,92.25
motus-robotwin2-lingbot,V-Norm,,40,0.025002,88.7,87.0,87.85
xvla-robotwin2,V-Norm,imgtext,40,0.043632,72.9,72.8,72.85
Qwen3VL-OFT-Robotwin2,V-Norm,imgtext,40,0.037335,50.38,,50.38
abot-m0-robotwin2,V-Norm,imgtext,40,0.038159,80.42,81.16,80.79
vidar_3cam_modeB,V-Norm,,40,0.007921,65.8,17.5,41.65
lingbot-va-posttrain-robotwin,V-Norm,,75,0.010780,92.9,91.6,92.25
motus-robotwin2-lingbot,V-Norm,,75,0.035121,88.7,87.0,87.85
xvla-robotwin2,V-Norm,imgtext,75,0.057561,72.9,72.8,72.85
Qwen3VL-OFT-Robotwin2,V-Norm,imgtext,75,0.049523,50.38,,50.38
abot-m0-robotwin2,V-Norm,imgtext,75,0.049968,80.42,81.16,80.79
vidar_3cam_modeB,V-Norm,,75,0.009416,65.8,17.5,41.65
lingbot-va-posttrain-robotwin,V-Norm,,110,0.013618,92.9,91.6,92.25
motus-robotwin2-lingbot,V-Norm,,110,0.044232,88.7,87.0,87.85
xvla-robotwin2,V-Norm,imgtext,110,0.069072,72.9,72.8,72.85
Qwen3VL-OFT-Robotwin2,V-Norm,imgtext,110,0.061125,50.38,,50.38
abot-m0-robotwin2,V-Norm,imgtext,110,0.062665,80.42,81.16,80.79
vidar_3cam_modeB,V-Norm,,110,0.011092,65.8,17.5,41.65
lingbot-va-posttrain-robotwin,V-Norm,,150,0.017155,92.9,91.6,92.25
motus-robotwin2-lingbot,V-Norm,,150,0.050690,88.7,87.0,87.85
xvla-robotwin2,V-Norm,imgtext,150,0.078711,72.9,72.8,72.85
Qwen3VL-OFT-Robotwin2,V-Norm,imgtext,150,0.072623,50.38,,50.38
abot-m0-robotwin2,V-Norm,imgtext,150,0.074039,80.42,81.16,80.79
vidar_3cam_modeB,V-Norm,,150,0.012332,65.8,17.5,41.65
lingbot-va-posttrain-robotwin,V-Norm,,220,0.019833,92.9,91.6,92.25
motus-robotwin2-lingbot,V-Norm,,220,0.061541,88.7,87.0,87.85
xvla-robotwin2,V-Norm,imgtext,220,0.091810,72.9,72.8,72.85
Qwen3VL-OFT-Robotwin2,V-Norm,imgtext,220,0.085443,50.38,,50.38
abot-m0-robotwin2,V-Norm,imgtext,220,0.086349,80.42,81.16,80.79
vidar_3cam_modeB,V-Norm,,220,0.012644,65.8,17.5,41.65
lingbot-va-posttrain-robotwin,A-D1,,1,0.000973,92.9,91.6,92.25
motus-robotwin2-lingbot,A-D1,,1,0.002758,88.7,87.0,87.85
xvla-robotwin2,A-D1,imgtext,1,0.027974,72.9,72.8,72.85
Qwen3VL-OFT-Robotwin2,A-D1,imgtext,1,0.023777,50.38,,50.38
abot-m0-robotwin2,A-D1,imgtext,1,0.024561,80.42,81.16,80.79
lingbot-va-posttrain-robotwin,A-D1,,3,0.001216,92.9,91.6,92.25
motus-robotwin2-lingbot,A-D1,,3,0.002877,88.7,87.0,87.85
xvla-robotwin2,A-D1,imgtext,3,0.028085,72.9,72.8,72.85
Qwen3VL-OFT-Robotwin2,A-D1,imgtext,3,0.023804,50.38,,50.38
abot-m0-robotwin2,A-D1,imgtext,3,0.024935,80.42,81.16,80.79
lingbot-va-posttrain-robotwin,A-D1,,7,0.000978,92.9,91.6,92.25
motus-robotwin2-lingbot,A-D1,,7,0.002893,88.7,87.0,87.85
xvla-robotwin2,A-D1,imgtext,7,0.030164,72.9,72.8,72.85
Qwen3VL-OFT-Robotwin2,A-D1,imgtext,7,0.024785,50.38,,50.38
abot-m0-robotwin2,A-D1,imgtext,7,0.026629,80.42,81.16,80.79
lingbot-va-posttrain-robotwin,A-D1,,15,0.000749,92.9,91.6,92.25
motus-robotwin2-lingbot,A-D1,,15,0.002890,88.7,87.0,87.85
xvla-robotwin2,A-D1,imgtext,15,0.033544,72.9,72.8,72.85
Qwen3VL-OFT-Robotwin2,A-D1,imgtext,15,0.027887,50.38,,50.38
abot-m0-robotwin2,A-D1,imgtext,15,0.028972,80.42,81.16,80.79
lingbot-va-posttrain-robotwin,A-D1,,25,0.000771,92.9,91.6,92.25
motus-robotwin2-lingbot,A-D1,,25,0.003156,88.7,87.0,87.85
xvla-robotwin2,A-D1,imgtext,25,0.036773,72.9,72.8,72.85
Qwen3VL-OFT-Robotwin2,A-D1,imgtext,25,0.030515,50.38,,50.38
abot-m0-robotwin2,A-D1,imgtext,25,0.032086,80.42,81.16,80.79
lingbot-va-posttrain-robotwin,A-D1,,40,0.000996,92.9,91.6,92.25
motus-robotwin2-lingbot,A-D1,,40,0.004158,88.7,87.0,87.85
xvla-robotwin2,A-D1,imgtext,40,0.043632,72.9,72.8,72.85
Qwen3VL-OFT-Robotwin2,A-D1,imgtext,40,0.037335,50.38,,50.38
abot-m0-robotwin2,A-D1,imgtext,40,0.038159,80.42,81.16,80.79
lingbot-va-posttrain-robotwin,A-D1,,75,0.000698,92.9,91.6,92.25
motus-robotwin2-lingbot,A-D1,,75,0.004307,88.7,87.0,87.85
xvla-robotwin2,A-D1,imgtext,75,0.057561,72.9,72.8,72.85
Qwen3VL-OFT-Robotwin2,A-D1,imgtext,75,0.049523,50.38,,50.38
abot-m0-robotwin2,A-D1,imgtext,75,0.049968,80.42,81.16,80.79
lingbot-va-posttrain-robotwin,A-D1,,110,0.000934,92.9,91.6,92.25
motus-robotwin2-lingbot,A-D1,,110,0.005619,88.7,87.0,87.85
xvla-robotwin2,A-D1,imgtext,110,0.069072,72.9,72.8,72.85
Qwen3VL-OFT-Robotwin2,A-D1,imgtext,110,0.061125,50.38,,50.38
abot-m0-robotwin2,A-D1,imgtext,110,0.062665,80.42,81.16,80.79
lingbot-va-posttrain-robotwin,A-D1,,150,0.001116,92.9,91.6,92.25
motus-robotwin2-lingbot,A-D1,,150,0.006594,88.7,87.0,87.85
xvla-robotwin2,A-D1,imgtext,150,0.078711,72.9,72.8,72.85
Qwen3VL-OFT-Robotwin2,A-D1,imgtext,150,0.072623,50.38,,50.38
abot-m0-robotwin2,A-D1,imgtext,150,0.074039,80.42,81.16,80.79
lingbot-va-posttrain-robotwin,A-D1,,220,0.001318,92.9,91.6,92.25
motus-robotwin2-lingbot,A-D1,,220,0.006941,88.7,87.0,87.85
xvla-robotwin2,A-D1,imgtext,220,0.091810,72.9,72.8,72.85
Qwen3VL-OFT-Robotwin2,A-D1,imgtext,220,0.085443,50.38,,50.38
abot-m0-robotwin2,A-D1,imgtext,220,0.086349,80.42,81.16,80.79
lingbot-va-posttrain-robotwin,A-B0,,1,0.001541,92.9,91.6,92.25
motus-robotwin2-lingbot,A-B0,,1,0.002839,88.7,87.0,87.85
xvla-robotwin2,A-B0,imgtext,1,0.027974,72.9,72.8,72.85
Qwen3VL-OFT-Robotwin2,A-B0,imgtext,1,0.023777,50.38,,50.38
abot-m0-robotwin2,A-B0,imgtext,1,0.024561,80.42,81.16,80.79
lingbot-va-posttrain-robotwin,A-B0,,3,0.001726,92.9,91.6,92.25
motus-robotwin2-lingbot,A-B0,,3,0.002959,88.7,87.0,87.85
xvla-robotwin2,A-B0,imgtext,3,0.028085,72.9,72.8,72.85
Qwen3VL-OFT-Robotwin2,A-B0,imgtext,3,0.023804,50.38,,50.38
abot-m0-robotwin2,A-B0,imgtext,3,0.024935,80.42,81.16,80.79
lingbot-va-posttrain-robotwin,A-B0,,7,0.001612,92.9,91.6,92.25
motus-robotwin2-lingbot,A-B0,,7,0.002976,88.7,87.0,87.85
xvla-robotwin2,A-B0,imgtext,7,0.030164,72.9,72.8,72.85
Qwen3VL-OFT-Robotwin2,A-B0,imgtext,7,0.024785,50.38,,50.38
abot-m0-robotwin2,A-B0,imgtext,7,0.026629,80.42,81.16,80.79
lingbot-va-posttrain-robotwin,A-B0,,15,0.001645,92.9,91.6,92.25
motus-robotwin2-lingbot,A-B0,,15,0.002913,88.7,87.0,87.85
xvla-robotwin2,A-B0,imgtext,15,0.033544,72.9,72.8,72.85
Qwen3VL-OFT-Robotwin2,A-B0,imgtext,15,0.027887,50.38,,50.38
abot-m0-robotwin2,A-B0,imgtext,15,0.028972,80.42,81.16,80.79
lingbot-va-posttrain-robotwin,A-B0,,25,0.001302,92.9,91.6,92.25
motus-robotwin2-lingbot,A-B0,,25,0.003182,88.7,87.0,87.85
xvla-robotwin2,A-B0,imgtext,25,0.036773,72.9,72.8,72.85
Qwen3VL-OFT-Robotwin2,A-B0,imgtext,25,0.030515,50.38,,50.38
abot-m0-robotwin2,A-B0,imgtext,25,0.032086,80.42,81.16,80.79
lingbot-va-posttrain-robotwin,A-B0,,40,0.001749,92.9,91.6,92.25
motus-robotwin2-lingbot,A-B0,,40,0.003998,88.7,87.0,87.85
xvla-robotwin2,A-B0,imgtext,40,0.043632,72.9,72.8,72.85
Qwen3VL-OFT-Robotwin2,A-B0,imgtext,40,0.037335,50.38,,50.38
abot-m0-robotwin2,A-B0,imgtext,40,0.038159,80.42,81.16,80.79
lingbot-va-posttrain-robotwin,A-B0,,75,0.001133,92.9,91.6,92.25
motus-robotwin2-lingbot,A-B0,,75,0.004073,88.7,87.0,87.85
xvla-robotwin2,A-B0,imgtext,75,0.057561,72.9,72.8,72.85
Qwen3VL-OFT-Robotwin2,A-B0,imgtext,75,0.049523,50.38,,50.38
abot-m0-robotwin2,A-B0,imgtext,75,0.049968,80.42,81.16,80.79
lingbot-va-posttrain-robotwin,A-B0,,110,0.001167,92.9,91.6,92.25
motus-robotwin2-lingbot,A-B0,,110,0.005319,88.7,87.0,87.85
xvla-robotwin2,A-B0,imgtext,110,0.069072,72.9,72.8,72.85
Qwen3VL-OFT-Robotwin2,A-B0,imgtext,110,0.061125,50.38,,50.38
abot-m0-robotwin2,A-B0,imgtext,110,0.062665,80.42,81.16,80.79
lingbot-va-posttrain-robotwin,A-B0,,150,0.001735,92.9,91.6,92.25
motus-robotwin2-lingbot,A-B0,,150,0.006222,88.7,87.0,87.85
xvla-robotwin2,A-B0,imgtext,150,0.078711,72.9,72.8,72.85
Qwen3VL-OFT-Robotwin2,A-B0,imgtext,150,0.072623,50.38,,50.38
abot-m0-robotwin2,A-B0,imgtext,150,0.074039,80.42,81.16,80.79
lingbot-va-posttrain-robotwin,A-B0,,220,0.002200,92.9,91.6,92.25
motus-robotwin2-lingbot,A-B0,,220,0.006480,88.7,87.0,87.85
xvla-robotwin2,A-B0,imgtext,220,0.091810,72.9,72.8,72.85
Qwen3VL-OFT-Robotwin2,A-B0,imgtext,220,0.085443,50.38,,50.38
abot-m0-robotwin2,A-B0,imgtext,220,0.086349,80.42,81.16,80.79
lingbot-va-posttrain-robotwin,A-B7,,1,0.002766,92.9,91.6,92.25
motus-robotwin2-lingbot,A-B7,,1,0.002994,88.7,87.0,87.85
xvla-robotwin2,A-B7,imgtext,1,0.027974,72.9,72.8,72.85
Qwen3VL-OFT-Robotwin2,A-B7,imgtext,1,0.023777,50.38,,50.38
abot-m0-robotwin2,A-B7,imgtext,1,0.024561,80.42,81.16,80.79
lingbot-va-posttrain-robotwin,A-B7,,3,0.002898,92.9,91.6,92.25
motus-robotwin2-lingbot,A-B7,,3,0.003176,88.7,87.0,87.85
xvla-robotwin2,A-B7,imgtext,3,0.028085,72.9,72.8,72.85
Qwen3VL-OFT-Robotwin2,A-B7,imgtext,3,0.023804,50.38,,50.38
abot-m0-robotwin2,A-B7,imgtext,3,0.024935,80.42,81.16,80.79
lingbot-va-posttrain-robotwin,A-B7,,7,0.002519,92.9,91.6,92.25
motus-robotwin2-lingbot,A-B7,,7,0.003315,88.7,87.0,87.85
xvla-robotwin2,A-B7,imgtext,7,0.030164,72.9,72.8,72.85
Qwen3VL-OFT-Robotwin2,A-B7,imgtext,7,0.024785,50.38,,50.38
abot-m0-robotwin2,A-B7,imgtext,7,0.026629,80.42,81.16,80.79
lingbot-va-posttrain-robotwin,A-B7,,15,0.002775,92.9,91.6,92.25
motus-robotwin2-lingbot,A-B7,,15,0.003564,88.7,87.0,87.85
xvla-robotwin2,A-B7,imgtext,15,0.033544,72.9,72.8,72.85
Qwen3VL-OFT-Robotwin2,A-B7,imgtext,15,0.027887,50.38,,50.38
abot-m0-robotwin2,A-B7,imgtext,15,0.028972,80.42,81.16,80.79
lingbot-va-posttrain-robotwin,A-B7,,25,0.002784,92.9,91.6,92.25
motus-robotwin2-lingbot,A-B7,,25,0.003601,88.7,87.0,87.85
xvla-robotwin2,A-B7,imgtext,25,0.036773,72.9,72.8,72.85
Qwen3VL-OFT-Robotwin2,A-B7,imgtext,25,0.030515,50.38,,50.38
abot-m0-robotwin2,A-B7,imgtext,25,0.032086,80.42,81.16,80.79
lingbot-va-posttrain-robotwin,A-B7,,40,0.003022,92.9,91.6,92.25
motus-robotwin2-lingbot,A-B7,,40,0.004963,88.7,87.0,87.85
xvla-robotwin2,A-B7,imgtext,40,0.043632,72.9,72.8,72.85
Qwen3VL-OFT-Robotwin2,A-B7,imgtext,40,0.037335,50.38,,50.38
abot-m0-robotwin2,A-B7,imgtext,40,0.038159,80.42,81.16,80.79
lingbot-va-posttrain-robotwin,A-B7,,75,0.002272,92.9,91.6,92.25
motus-robotwin2-lingbot,A-B7,,75,0.004605,88.7,87.0,87.85
xvla-robotwin2,A-B7,imgtext,75,0.057561,72.9,72.8,72.85
Qwen3VL-OFT-Robotwin2,A-B7,imgtext,75,0.049523,50.38,,50.38
abot-m0-robotwin2,A-B7,imgtext,75,0.049968,80.42,81.16,80.79
lingbot-va-posttrain-robotwin,A-B7,,110,0.002890,92.9,91.6,92.25
motus-robotwin2-lingbot,A-B7,,110,0.005809,88.7,87.0,87.85
xvla-robotwin2,A-B7,imgtext,110,0.069072,72.9,72.8,72.85
Qwen3VL-OFT-Robotwin2,A-B7,imgtext,110,0.061125,50.38,,50.38
abot-m0-robotwin2,A-B7,imgtext,110,0.062665,80.42,81.16,80.79
lingbot-va-posttrain-robotwin,A-B7,,150,0.003315,92.9,91.6,92.25
motus-robotwin2-lingbot,A-B7,,150,0.006740,88.7,87.0,87.85
xvla-robotwin2,A-B7,imgtext,150,0.078711,72.9,72.8,72.85
Qwen3VL-OFT-Robotwin2,A-B7,imgtext,150,0.072623,50.38,,50.38
abot-m0-robotwin2,A-B7,imgtext,150,0.074039,80.42,81.16,80.79
lingbot-va-posttrain-robotwin,A-B7,,220,0.003708,92.9,91.6,92.25
motus-robotwin2-lingbot,A-B7,,220,0.007250,88.7,87.0,87.85
xvla-robotwin2,A-B7,imgtext,220,0.091810,72.9,72.8,72.85
Qwen3VL-OFT-Robotwin2,A-B7,imgtext,220,0.085443,50.38,,50.38
abot-m0-robotwin2,A-B7,imgtext,220,0.086349,80.42,81.16,80.79
lingbot-va-posttrain-robotwin,A-B14,,1,0.002617,92.9,91.6,92.25
motus-robotwin2-lingbot,A-B14,,1,0.003434,88.7,87.0,87.85
xvla-robotwin2,A-B14,imgtext,1,0.027974,72.9,72.8,72.85
Qwen3VL-OFT-Robotwin2,A-B14,imgtext,1,0.023777,50.38,,50.38
abot-m0-robotwin2,A-B14,imgtext,1,0.024561,80.42,81.16,80.79
lingbot-va-posttrain-robotwin,A-B14,,3,0.002887,92.9,91.6,92.25
motus-robotwin2-lingbot,A-B14,,3,0.003682,88.7,87.0,87.85
xvla-robotwin2,A-B14,imgtext,3,0.028085,72.9,72.8,72.85
Qwen3VL-OFT-Robotwin2,A-B14,imgtext,3,0.023804,50.38,,50.38
abot-m0-robotwin2,A-B14,imgtext,3,0.024935,80.42,81.16,80.79
lingbot-va-posttrain-robotwin,A-B14,,7,0.002566,92.9,91.6,92.25
motus-robotwin2-lingbot,A-B14,,7,0.003764,88.7,87.0,87.85
xvla-robotwin2,A-B14,imgtext,7,0.030164,72.9,72.8,72.85
Qwen3VL-OFT-Robotwin2,A-B14,imgtext,7,0.024785,50.38,,50.38
abot-m0-robotwin2,A-B14,imgtext,7,0.026629,80.42,81.16,80.79
lingbot-va-posttrain-robotwin,A-B14,,15,0.002756,92.9,91.6,92.25
motus-robotwin2-lingbot,A-B14,,15,0.003963,88.7,87.0,87.85
xvla-robotwin2,A-B14,imgtext,15,0.033544,72.9,72.8,72.85
Qwen3VL-OFT-Robotwin2,A-B14,imgtext,15,0.027887,50.38,,50.38
abot-m0-robotwin2,A-B14,imgtext,15,0.028972,80.42,81.16,80.79
lingbot-va-posttrain-robotwin,A-B14,,25,0.002833,92.9,91.6,92.25
motus-robotwin2-lingbot,A-B14,,25,0.004011,88.7,87.0,87.85
xvla-robotwin2,A-B14,imgtext,25,0.036773,72.9,72.8,72.85
Qwen3VL-OFT-Robotwin2,A-B14,imgtext,25,0.030515,50.38,,50.38
abot-m0-robotwin2,A-B14,imgtext,25,0.032086,80.42,81.16,80.79
lingbot-va-posttrain-robotwin,A-B14,,40,0.003003,92.9,91.6,92.25
motus-robotwin2-lingbot,A-B14,,40,0.005550,88.7,87.0,87.85
xvla-robotwin2,A-B14,imgtext,40,0.043632,72.9,72.8,72.85
Qwen3VL-OFT-Robotwin2,A-B14,imgtext,40,0.037335,50.38,,50.38
abot-m0-robotwin2,A-B14,imgtext,40,0.038159,80.42,81.16,80.79
lingbot-va-posttrain-robotwin,A-B14,,75,0.002931,92.9,91.6,92.25
motus-robotwin2-lingbot,A-B14,,75,0.005419,88.7,87.0,87.85
xvla-robotwin2,A-B14,imgtext,75,0.057561,72.9,72.8,72.85
Qwen3VL-OFT-Robotwin2,A-B14,imgtext,75,0.049523,50.38,,50.38
abot-m0-robotwin2,A-B14,imgtext,75,0.049968,80.42,81.16,80.79
lingbot-va-posttrain-robotwin,A-B14,,110,0.003417,92.9,91.6,92.25
motus-robotwin2-lingbot,A-B14,,110,0.007036,88.7,87.0,87.85
xvla-robotwin2,A-B14,imgtext,110,0.069072,72.9,72.8,72.85
Qwen3VL-OFT-Robotwin2,A-B14,imgtext,110,0.061125,50.38,,50.38
abot-m0-robotwin2,A-B14,imgtext,110,0.062665,80.42,81.16,80.79
lingbot-va-posttrain-robotwin,A-B14,,150,0.003864,92.9,91.6,92.25
motus-robotwin2-lingbot,A-B14,,150,0.007801,88.7,87.0,87.85
xvla-robotwin2,A-B14,imgtext,150,0.078711,72.9,72.8,72.85
Qwen3VL-OFT-Robotwin2,A-B14,imgtext,150,0.072623,50.38,,50.38
abot-m0-robotwin2,A-B14,imgtext,150,0.074039,80.42,81.16,80.79
lingbot-va-posttrain-robotwin,A-B14,,220,0.004199,92.9,91.6,92.25
motus-robotwin2-lingbot,A-B14,,220,0.008517,88.7,87.0,87.85
xvla-robotwin2,A-B14,imgtext,220,0.091810,72.9,72.8,72.85
Qwen3VL-OFT-Robotwin2,A-B14,imgtext,220,0.085443,50.38,,50.38
abot-m0-robotwin2,A-B14,imgtext,220,0.086349,80.42,81.16,80.79
lingbot-va-posttrain-robotwin,A-B21,,1,0.002383,92.9,91.6,92.25
motus-robotwin2-lingbot,A-B21,,1,0.003930,88.7,87.0,87.85
xvla-robotwin2,A-B21,imgtext,1,0.027974,72.9,72.8,72.85
Qwen3VL-OFT-Robotwin2,A-B21,imgtext,1,0.023777,50.38,,50.38
abot-m0-robotwin2,A-B21,imgtext,1,0.024561,80.42,81.16,80.79
lingbot-va-posttrain-robotwin,A-B21,,3,0.002583,92.9,91.6,92.25
motus-robotwin2-lingbot,A-B21,,3,0.004506,88.7,87.0,87.85
xvla-robotwin2,A-B21,imgtext,3,0.028085,72.9,72.8,72.85
Qwen3VL-OFT-Robotwin2,A-B21,imgtext,3,0.023804,50.38,,50.38
abot-m0-robotwin2,A-B21,imgtext,3,0.024935,80.42,81.16,80.79
lingbot-va-posttrain-robotwin,A-B21,,7,0.002198,92.9,91.6,92.25
motus-robotwin2-lingbot,A-B21,,7,0.004340,88.7,87.0,87.85
xvla-robotwin2,A-B21,imgtext,7,0.030164,72.9,72.8,72.85
Qwen3VL-OFT-Robotwin2,A-B21,imgtext,7,0.024785,50.38,,50.38
abot-m0-robotwin2,A-B21,imgtext,7,0.026629,80.42,81.16,80.79
lingbot-va-posttrain-robotwin,A-B21,,15,0.002649,92.9,91.6,92.25
motus-robotwin2-lingbot,A-B21,,15,0.004553,88.7,87.0,87.85
xvla-robotwin2,A-B21,imgtext,15,0.033544,72.9,72.8,72.85
Qwen3VL-OFT-Robotwin2,A-B21,imgtext,15,0.027887,50.38,,50.38
abot-m0-robotwin2,A-B21,imgtext,15,0.028972,80.42,81.16,80.79
lingbot-va-posttrain-robotwin,A-B21,,25,0.002514,92.9,91.6,92.25
motus-robotwin2-lingbot,A-B21,,25,0.004749,88.7,87.0,87.85
xvla-robotwin2,A-B21,imgtext,25,0.036773,72.9,72.8,72.85
Qwen3VL-OFT-Robotwin2,A-B21,imgtext,25,0.030515,50.38,,50.38
abot-m0-robotwin2,A-B21,imgtext,25,0.032086,80.42,81.16,80.79
lingbot-va-posttrain-robotwin,A-B21,,40,0.002526,92.9,91.6,92.25
motus-robotwin2-lingbot,A-B21,,40,0.005661,88.7,87.0,87.85
xvla-robotwin2,A-B21,imgtext,40,0.043632,72.9,72.8,72.85
Qwen3VL-OFT-Robotwin2,A-B21,imgtext,40,0.037335,50.38,,50.38
abot-m0-robotwin2,A-B21,imgtext,40,0.038159,80.42,81.16,80.79
lingbot-va-posttrain-robotwin,A-B21,,75,0.002356,92.9,91.6,92.25
motus-robotwin2-lingbot,A-B21,,75,0.006399,88.7,87.0,87.85
xvla-robotwin2,A-B21,imgtext,75,0.057561,72.9,72.8,72.85
Qwen3VL-OFT-Robotwin2,A-B21,imgtext,75,0.049523,50.38,,50.38
abot-m0-robotwin2,A-B21,imgtext,75,0.049968,80.42,81.16,80.79
lingbot-va-posttrain-robotwin,A-B21,,110,0.002742,92.9,91.6,92.25
motus-robotwin2-lingbot,A-B21,,110,0.007491,88.7,87.0,87.85
xvla-robotwin2,A-B21,imgtext,110,0.069072,72.9,72.8,72.85
Qwen3VL-OFT-Robotwin2,A-B21,imgtext,110,0.061125,50.38,,50.38
abot-m0-robotwin2,A-B21,imgtext,110,0.062665,80.42,81.16,80.79
lingbot-va-posttrain-robotwin,A-B21,,150,0.003078,92.9,91.6,92.25
motus-robotwin2-lingbot,A-B21,,150,0.007825,88.7,87.0,87.85
xvla-robotwin2,A-B21,imgtext,150,0.078711,72.9,72.8,72.85
Qwen3VL-OFT-Robotwin2,A-B21,imgtext,150,0.072623,50.38,,50.38
abot-m0-robotwin2,A-B21,imgtext,150,0.074039,80.42,81.16,80.79
lingbot-va-posttrain-robotwin,A-B21,,220,0.003123,92.9,91.6,92.25
motus-robotwin2-lingbot,A-B21,,220,0.009686,88.7,87.0,87.85
xvla-robotwin2,A-B21,imgtext,220,0.091810,72.9,72.8,72.85
Qwen3VL-OFT-Robotwin2,A-B21,imgtext,220,0.085443,50.38,,50.38
abot-m0-robotwin2,A-B21,imgtext,220,0.086349,80.42,81.16,80.79
lingbot-va-posttrain-robotwin,A-B29,,1,0.001799,92.9,91.6,92.25
motus-robotwin2-lingbot,A-B29,,1,0.003458,88.7,87.0,87.85
xvla-robotwin2,A-B29,imgtext,1,0.027974,72.9,72.8,72.85
Qwen3VL-OFT-Robotwin2,A-B29,imgtext,1,0.023777,50.38,,50.38
abot-m0-robotwin2,A-B29,imgtext,1,0.024561,80.42,81.16,80.79
lingbot-va-posttrain-robotwin,A-B29,,3,0.001800,92.9,91.6,92.25
motus-robotwin2-lingbot,A-B29,,3,0.003530,88.7,87.0,87.85
xvla-robotwin2,A-B29,imgtext,3,0.028085,72.9,72.8,72.85
Qwen3VL-OFT-Robotwin2,A-B29,imgtext,3,0.023804,50.38,,50.38
abot-m0-robotwin2,A-B29,imgtext,3,0.024935,80.42,81.16,80.79
lingbot-va-posttrain-robotwin,A-B29,,7,0.001303,92.9,91.6,92.25
motus-robotwin2-lingbot,A-B29,,7,0.003618,88.7,87.0,87.85
xvla-robotwin2,A-B29,imgtext,7,0.030164,72.9,72.8,72.85
Qwen3VL-OFT-Robotwin2,A-B29,imgtext,7,0.024785,50.38,,50.38
abot-m0-robotwin2,A-B29,imgtext,7,0.026629,80.42,81.16,80.79
lingbot-va-posttrain-robotwin,A-B29,,15,0.001920,92.9,91.6,92.25
motus-robotwin2-lingbot,A-B29,,15,0.004037,88.7,87.0,87.85
xvla-robotwin2,A-B29,imgtext,15,0.033544,72.9,72.8,72.85
Qwen3VL-OFT-Robotwin2,A-B29,imgtext,15,0.027887,50.38,,50.38
abot-m0-robotwin2,A-B29,imgtext,15,0.028972,80.42,81.16,80.79
lingbot-va-posttrain-robotwin,A-B29,,25,0.002202,92.9,91.6,92.25
motus-robotwin2-lingbot,A-B29,,25,0.004365,88.7,87.0,87.85
xvla-robotwin2,A-B29,imgtext,25,0.036773,72.9,72.8,72.85
Qwen3VL-OFT-Robotwin2,A-B29,imgtext,25,0.030515,50.38,,50.38
abot-m0-robotwin2,A-B29,imgtext,25,0.032086,80.42,81.16,80.79
lingbot-va-posttrain-robotwin,A-B29,,40,0.002432,92.9,91.6,92.25
motus-robotwin2-lingbot,A-B29,,40,0.005620,88.7,87.0,87.85
xvla-robotwin2,A-B29,imgtext,40,0.043632,72.9,72.8,72.85
Qwen3VL-OFT-Robotwin2,A-B29,imgtext,40,0.037335,50.38,,50.38
abot-m0-robotwin2,A-B29,imgtext,40,0.038159,80.42,81.16,80.79
lingbot-va-posttrain-robotwin,A-B29,,75,0.002809,92.9,91.6,92.25
motus-robotwin2-lingbot,A-B29,,75,0.006384,88.7,87.0,87.85
xvla-robotwin2,A-B29,imgtext,75,0.057561,72.9,72.8,72.85
Qwen3VL-OFT-Robotwin2,A-B29,imgtext,75,0.049523,50.38,,50.38
abot-m0-robotwin2,A-B29,imgtext,75,0.049968,80.42,81.16,80.79
lingbot-va-posttrain-robotwin,A-B29,,110,0.003576,92.9,91.6,92.25
motus-robotwin2-lingbot,A-B29,,110,0.007784,88.7,87.0,87.85
xvla-robotwin2,A-B29,imgtext,110,0.069072,72.9,72.8,72.85
Qwen3VL-OFT-Robotwin2,A-B29,imgtext,110,0.061125,50.38,,50.38
abot-m0-robotwin2,A-B29,imgtext,110,0.062665,80.42,81.16,80.79
lingbot-va-posttrain-robotwin,A-B29,,150,0.004227,92.9,91.6,92.25
motus-robotwin2-lingbot,A-B29,,150,0.008378,88.7,87.0,87.85
xvla-robotwin2,A-B29,imgtext,150,0.078711,72.9,72.8,72.85
Qwen3VL-OFT-Robotwin2,A-B29,imgtext,150,0.072623,50.38,,50.38
abot-m0-robotwin2,A-B29,imgtext,150,0.074039,80.42,81.16,80.79
lingbot-va-posttrain-robotwin,A-B29,,220,0.005595,92.9,91.6,92.25
motus-robotwin2-lingbot,A-B29,,220,0.010372,88.7,87.0,87.85
xvla-robotwin2,A-B29,imgtext,220,0.091810,72.9,72.8,72.85
Qwen3VL-OFT-Robotwin2,A-B29,imgtext,220,0.085443,50.38,,50.38
abot-m0-robotwin2,A-B29,imgtext,220,0.086349,80.42,81.16,80.79
lingbot-va-posttrain-robotwin,A-Norm,,1,0.002821,92.9,91.6,92.25
motus-robotwin2-lingbot,A-Norm,,1,0.003503,88.7,87.0,87.85
xvla-robotwin2,A-Norm,imgtext,1,0.027974,72.9,72.8,72.85
Qwen3VL-OFT-Robotwin2,A-Norm,imgtext,1,0.023777,50.38,,50.38
abot-m0-robotwin2,A-Norm,imgtext,1,0.024561,80.42,81.16,80.79
lingbot-va-posttrain-robotwin,A-Norm,,3,0.002894,92.9,91.6,92.25
motus-robotwin2-lingbot,A-Norm,,3,0.003574,88.7,87.0,87.85
xvla-robotwin2,A-Norm,imgtext,3,0.028085,72.9,72.8,72.85
Qwen3VL-OFT-Robotwin2,A-Norm,imgtext,3,0.023804,50.38,,50.38
abot-m0-robotwin2,A-Norm,imgtext,3,0.024935,80.42,81.16,80.79
lingbot-va-posttrain-robotwin,A-Norm,,7,0.002414,92.9,91.6,92.25
motus-robotwin2-lingbot,A-Norm,,7,0.003730,88.7,87.0,87.85
xvla-robotwin2,A-Norm,imgtext,7,0.030164,72.9,72.8,72.85
Qwen3VL-OFT-Robotwin2,A-Norm,imgtext,7,0.024785,50.38,,50.38
abot-m0-robotwin2,A-Norm,imgtext,7,0.026629,80.42,81.16,80.79
lingbot-va-posttrain-robotwin,A-Norm,,15,0.002824,92.9,91.6,92.25
motus-robotwin2-lingbot,A-Norm,,15,0.004080,88.7,87.0,87.85
xvla-robotwin2,A-Norm,imgtext,15,0.033544,72.9,72.8,72.85
Qwen3VL-OFT-Robotwin2,A-Norm,imgtext,15,0.027887,50.38,,50.38
abot-m0-robotwin2,A-Norm,imgtext,15,0.028972,80.42,81.16,80.79
lingbot-va-posttrain-robotwin,A-Norm,,25,0.002755,92.9,91.6,92.25
motus-robotwin2-lingbot,A-Norm,,25,0.004476,88.7,87.0,87.85
xvla-robotwin2,A-Norm,imgtext,25,0.036773,72.9,72.8,72.85
Qwen3VL-OFT-Robotwin2,A-Norm,imgtext,25,0.030515,50.38,,50.38
abot-m0-robotwin2,A-Norm,imgtext,25,0.032086,80.42,81.16,80.79
lingbot-va-posttrain-robotwin,A-Norm,,40,0.003155,92.9,91.6,92.25
motus-robotwin2-lingbot,A-Norm,,40,0.005875,88.7,87.0,87.85
xvla-robotwin2,A-Norm,imgtext,40,0.043632,72.9,72.8,72.85
Qwen3VL-OFT-Robotwin2,A-Norm,imgtext,40,0.037335,50.38,,50.38
abot-m0-robotwin2,A-Norm,imgtext,40,0.038159,80.42,81.16,80.79
lingbot-va-posttrain-robotwin,A-Norm,,75,0.003646,92.9,91.6,92.25
motus-robotwin2-lingbot,A-Norm,,75,0.006651,88.7,87.0,87.85
xvla-robotwin2,A-Norm,imgtext,75,0.057561,72.9,72.8,72.85
Qwen3VL-OFT-Robotwin2,A-Norm,imgtext,75,0.049523,50.38,,50.38
abot-m0-robotwin2,A-Norm,imgtext,75,0.049968,80.42,81.16,80.79
lingbot-va-posttrain-robotwin,A-Norm,,110,0.004510,92.9,91.6,92.25
motus-robotwin2-lingbot,A-Norm,,110,0.008287,88.7,87.0,87.85
xvla-robotwin2,A-Norm,imgtext,110,0.069072,72.9,72.8,72.85
Qwen3VL-OFT-Robotwin2,A-Norm,imgtext,110,0.061125,50.38,,50.38
abot-m0-robotwin2,A-Norm,imgtext,110,0.062665,80.42,81.16,80.79
lingbot-va-posttrain-robotwin,A-Norm,,150,0.005441,92.9,91.6,92.25
motus-robotwin2-lingbot,A-Norm,,150,0.008566,88.7,87.0,87.85
xvla-robotwin2,A-Norm,imgtext,150,0.078711,72.9,72.8,72.85
Qwen3VL-OFT-Robotwin2,A-Norm,imgtext,150,0.072623,50.38,,50.38
abot-m0-robotwin2,A-Norm,imgtext,150,0.074039,80.42,81.16,80.79
lingbot-va-posttrain-robotwin,A-Norm,,220,0.005758,92.9,91.6,92.25
motus-robotwin2-lingbot,A-Norm,,220,0.010724,88.7,87.0,87.85
xvla-robotwin2,A-Norm,imgtext,220,0.091810,72.9,72.8,72.85
Qwen3VL-OFT-Robotwin2,A-Norm,imgtext,220,0.085443,50.38,,50.38
abot-m0-robotwin2,A-Norm,imgtext,220,0.086349,80.42,81.16,80.79
lingbot-va-posttrain-robotwin,T-D1,,1,0.007515,92.9,91.6,92.25
motus-robotwin2-lingbot,T-D1,,1,0.007636,88.7,87.0,87.85
xvla-robotwin2,T-D1,imgtext,1,0.027974,72.9,72.8,72.85
Qwen3VL-OFT-Robotwin2,T-D1,imgtext,1,0.023777,50.38,,50.38
abot-m0-robotwin2,T-D1,imgtext,1,0.024561,80.42,81.16,80.79
vidar_3cam_modeB,T-D1,,1,0.008069,65.8,17.5,41.65
lingbot-va-posttrain-robotwin,T-D1,,3,0.007826,92.9,91.6,92.25
motus-robotwin2-lingbot,T-D1,,3,0.008171,88.7,87.0,87.85
xvla-robotwin2,T-D1,imgtext,3,0.028085,72.9,72.8,72.85
Qwen3VL-OFT-Robotwin2,T-D1,imgtext,3,0.023804,50.38,,50.38
abot-m0-robotwin2,T-D1,imgtext,3,0.024935,80.42,81.16,80.79
vidar_3cam_modeB,T-D1,,3,0.008013,65.8,17.5,41.65
lingbot-va-posttrain-robotwin,T-D1,,7,0.008130,92.9,91.6,92.25
motus-robotwin2-lingbot,T-D1,,7,0.008360,88.7,87.0,87.85
xvla-robotwin2,T-D1,imgtext,7,0.030164,72.9,72.8,72.85
Qwen3VL-OFT-Robotwin2,T-D1,imgtext,7,0.024785,50.38,,50.38
abot-m0-robotwin2,T-D1,imgtext,7,0.026629,80.42,81.16,80.79
vidar_3cam_modeB,T-D1,,7,0.008763,65.8,17.5,41.65
lingbot-va-posttrain-robotwin,T-D1,,15,0.009587,92.9,91.6,92.25
motus-robotwin2-lingbot,T-D1,,15,0.009881,88.7,87.0,87.85
xvla-robotwin2,T-D1,imgtext,15,0.033544,72.9,72.8,72.85
Qwen3VL-OFT-Robotwin2,T-D1,imgtext,15,0.027887,50.38,,50.38
abot-m0-robotwin2,T-D1,imgtext,15,0.028972,80.42,81.16,80.79
vidar_3cam_modeB,T-D1,,15,0.010423,65.8,17.5,41.65
lingbot-va-posttrain-robotwin,T-D1,,25,0.010408,92.9,91.6,92.25
motus-robotwin2-lingbot,T-D1,,25,0.010941,88.7,87.0,87.85
xvla-robotwin2,T-D1,imgtext,25,0.036773,72.9,72.8,72.85
Qwen3VL-OFT-Robotwin2,T-D1,imgtext,25,0.030515,50.38,,50.38
abot-m0-robotwin2,T-D1,imgtext,25,0.032086,80.42,81.16,80.79
vidar_3cam_modeB,T-D1,,25,0.011172,65.8,17.5,41.65
lingbot-va-posttrain-robotwin,T-D1,,40,0.013072,92.9,91.6,92.25
motus-robotwin2-lingbot,T-D1,,40,0.012883,88.7,87.0,87.85
xvla-robotwin2,T-D1,imgtext,40,0.043632,72.9,72.8,72.85
Qwen3VL-OFT-Robotwin2,T-D1,imgtext,40,0.037335,50.38,,50.38
abot-m0-robotwin2,T-D1,imgtext,40,0.038159,80.42,81.16,80.79
vidar_3cam_modeB,T-D1,,40,0.014249,65.8,17.5,41.65
lingbot-va-posttrain-robotwin,T-D1,,75,0.019158,92.9,91.6,92.25
motus-robotwin2-lingbot,T-D1,,75,0.018485,88.7,87.0,87.85
xvla-robotwin2,T-D1,imgtext,75,0.057561,72.9,72.8,72.85
Qwen3VL-OFT-Robotwin2,T-D1,imgtext,75,0.049523,50.38,,50.38
abot-m0-robotwin2,T-D1,imgtext,75,0.049968,80.42,81.16,80.79
vidar_3cam_modeB,T-D1,,75,0.019645,65.8,17.5,41.65
lingbot-va-posttrain-robotwin,T-D1,,110,0.024526,92.9,91.6,92.25
motus-robotwin2-lingbot,T-D1,,110,0.024644,88.7,87.0,87.85
xvla-robotwin2,T-D1,imgtext,110,0.069072,72.9,72.8,72.85
Qwen3VL-OFT-Robotwin2,T-D1,imgtext,110,0.061125,50.38,,50.38
abot-m0-robotwin2,T-D1,imgtext,110,0.062665,80.42,81.16,80.79
vidar_3cam_modeB,T-D1,,110,0.024701,65.8,17.5,41.65
lingbot-va-posttrain-robotwin,T-D1,,150,0.030119,92.9,91.6,92.25
motus-robotwin2-lingbot,T-D1,,150,0.029288,88.7,87.0,87.85
xvla-robotwin2,T-D1,imgtext,150,0.078711,72.9,72.8,72.85
Qwen3VL-OFT-Robotwin2,T-D1,imgtext,150,0.072623,50.38,,50.38
abot-m0-robotwin2,T-D1,imgtext,150,0.074039,80.42,81.16,80.79
vidar_3cam_modeB,T-D1,,150,0.027848,65.8,17.5,41.65
lingbot-va-posttrain-robotwin,T-D1,,220,0.035105,92.9,91.6,92.25
motus-robotwin2-lingbot,T-D1,,220,0.033854,88.7,87.0,87.85
xvla-robotwin2,T-D1,imgtext,220,0.091810,72.9,72.8,72.85
Qwen3VL-OFT-Robotwin2,T-D1,imgtext,220,0.085443,50.38,,50.38
abot-m0-robotwin2,T-D1,imgtext,220,0.086349,80.42,81.16,80.79
vidar_3cam_modeB,T-D1,,220,0.032795,65.8,17.5,41.65
